<?xml version="1.0" encoding="UTF-8"?>
<alto xmlns:xsi="http://www.w3.org/2001/XMLSchema-instance" xsi:noNamespaceSchemaLocation="http://www.bl.uk/schemas/alto/alto-1-4.xsd" xmlns:xlink="http://www.w3.org/1999/xlink">
	<Description>
		<MeasurementUnit>mm10</MeasurementUnit>
		<sourceImageInformation>
			<fileName>//head1/IN/2008-27/A0011786497.8/007535.jp2</fileName>
		</sourceImageInformation>
		<OCRProcessing ID="OCRPROCESSING_1">
			<preProcessingStep>
				<processingSoftware>
					<softwareCreator>CCS Content Conversion Specialists GmbH, Germany</softwareCreator>
					<softwareName>CCS docWORKS</softwareName>
					<softwareVersion>6.1-0.67</softwareVersion>
				</processingSoftware>
			</preProcessingStep>
			<ocrProcessingStep>
				<processingSoftware>
					<softwareCreator>ABBYY (BIT Software), Russia</softwareCreator>
					<softwareName>Finereader</softwareName>
				</processingSoftware>
			</ocrProcessingStep>
		</OCRProcessing>
	</Description>
	<Styles>
		<TextStyle ID="TXT_0" FONTSIZE="9" FONTFAMILY="Courier New"/>
		<TextStyle ID="TXT_1" FONTSIZE="10" FONTFAMILY="Courier New"/>
		<ParagraphStyle ID="PAR_CENTER" ALIGN="Center"/>
		<ParagraphStyle ID="PAR_LEFT" ALIGN="Left"/>
	</Styles>
	<Layout>
		<Page ID="P331" PHYSICAL_IMG_NR="331" HEIGHT="2606" WIDTH="1656" POSITION="Right" ACCURACY="54.11">
			<TopMargin ID="P331_TM00001" HPOS="0" VPOS="0" WIDTH="1656" HEIGHT="165"/>
			<LeftMargin ID="P331_LM00001" HPOS="0" VPOS="165" WIDTH="117" HEIGHT="2383"/>
			<RightMargin ID="P331_RM00001" HPOS="1618" VPOS="165" WIDTH="38" HEIGHT="2383"/>
			<BottomMargin ID="P331_BM00001" HPOS="0" VPOS="2548" WIDTH="1656" HEIGHT="58"/>
			<PrintSpace ID="P331_PS00001" HPOS="117" VPOS="165" WIDTH="1506" HEIGHT="2383">
				<TextBlock ID="P331_TB00001" HPOS="645" VPOS="165" WIDTH="448" HEIGHT="21" STYLEREFS="TXT_0 PAR_CENTER">
					<TextLine ID="P331_TL00001" HPOS="646" VPOS="165" WIDTH="447" HEIGHT="21">
						<String ID="P331_ST00001" HPOS="646" VPOS="165" WIDTH="180" HEIGHT="19" CONTENT="BIIVOEGSELEN" WC="0.51" CC="754660470708"/>
						<SP ID="P331_SP00001" HPOS="826" VPOS="184" WIDTH="11"/>
						<String ID="P331_ST00002" HPOS="837" VPOS="166" WIDTH="32" HEIGHT="18" CONTENT="EN" WC="0.41" CC="38"/>
						<SP ID="P331_SP00002" HPOS="869" VPOS="184" WIDTH="11"/>
						<String ID="P331_ST00003" HPOS="880" VPOS="167" WIDTH="213" HEIGHT="19" CONTENT="VERBETEMIVGE!»." WC="0.42" CC="807655388645770"/>
					</TextLine>
				</TextBlock>
				<TextBlock ID="P331_TB00002" HPOS="114" VPOS="299" WIDTH="697" HEIGHT="331" STYLEREFS="TXT_0 PAR_LEFT">
					<TextLine ID="P331_TL00002" HPOS="118" VPOS="304" WIDTH="605" HEIGHT="22">
						<String ID="P331_ST00004" HPOS="118" VPOS="304" WIDTH="59" HEIGHT="18" CONTENT="Bladz." WC="0.44" CC="218884"/>
						<SP ID="P331_SP00003" HPOS="177" VPOS="322" WIDTH="13"/>
						<String ID="P331_ST00005" HPOS="190" VPOS="305" WIDTH="51" HEIGHT="17" CONTENT="1317" WC="0.58" CC="0853"/>
						<SP ID="P331_SP00004" HPOS="241" VPOS="322" WIDTH="10"/>
						<String ID="P331_ST00006" HPOS="251" VPOS="306" WIDTH="37" HEIGHT="17" CONTENT="kol." WC="0.44" CC="7517"/>
						<SP ID="P331_SP00005" HPOS="288" VPOS="323" WIDTH="13"/>
						<String ID="P331_ST00007" HPOS="301" VPOS="306" WIDTH="9" HEIGHT="16" CONTENT="1" WC="1.00" CC="0"/>
						<SP ID="P331_SP00006" HPOS="310" VPOS="323" WIDTH="14"/>
						<String ID="P331_ST00008" HPOS="324" VPOS="311" WIDTH="36" HEIGHT="15" CONTENT="reg." WC="0.23" CC="6697"/>
						<SP ID="P331_SP00007" HPOS="360" VPOS="326" WIDTH="15"/>
						<String ID="P331_ST00009" HPOS="375" VPOS="305" WIDTH="21" HEIGHT="18" CONTENT="51" WC="0.10" CC="97"/>
						<SP ID="P331_SP00008" HPOS="396" VPOS="326" WIDTH="14"/>
						<String ID="P331_ST00010" HPOS="410" VPOS="310" WIDTH="49" HEIGHT="13" CONTENT="staat-," WC="0.55" CC="7470533"/>
						<SP ID="P331_SP00009" HPOS="459" VPOS="326" WIDTH="15"/>
						<String ID="P331_ST00011" HPOS="474" VPOS="308" WIDTH="44" HEIGHT="15" CONTENT="brak" WC="0.36" CC="8079"/>
						<SP ID="P331_SP00010" HPOS="518" VPOS="326" WIDTH="96"/>
						<String ID="P331_ST00012" HPOS="614" VPOS="306" WIDTH="43" HEIGHT="19" CONTENT="lees:" WC="0.26" CC="66769"/>
						<SP ID="P331_SP00011" HPOS="657" VPOS="326" WIDTH="12"/>
						<String ID="P331_ST00013" HPOS="669" VPOS="310" WIDTH="54" HEIGHT="14" CONTENT="braak" WC="0.42" CC="04679"/>
					</TextLine>
					<TextLine ID="P331_TL00003" HPOS="143" VPOS="334" WIDTH="566" HEIGHT="24">
						<String ID="P331_ST00014" HPOS="143" VPOS="342" WIDTH="9" HEIGHT="9" CONTENT="»" WC="0.46" CC="5"/>
						<SP ID="P331_SP00012" HPOS="152" VPOS="351" WIDTH="38"/>
						<String ID="P331_ST00015" HPOS="190" VPOS="334" WIDTH="53" HEIGHT="18" CONTENT="1334" WC="0.46" CC="0767"/>
						<SP ID="P331_SP00013" HPOS="243" VPOS="352" WIDTH="22"/>
						<String ID="P331_ST00016" HPOS="265" VPOS="341" WIDTH="10" HEIGHT="10" CONTENT="»" WC="0.95" CC="0"/>
						<SP ID="P331_SP00014" HPOS="275" VPOS="352" WIDTH="23"/>
						<String ID="P331_ST00017" HPOS="298" VPOS="335" WIDTH="13" HEIGHT="17" CONTENT="2" WC="0.01" CC="9"/>
						<SP ID="P331_SP00015" HPOS="311" VPOS="352" WIDTH="23"/>
						<String ID="P331_ST00018" HPOS="334" VPOS="342" WIDTH="9" HEIGHT="9" CONTENT="»" WC="0.46" CC="5"/>
						<SP ID="P331_SP00016" HPOS="343" VPOS="352" WIDTH="37"/>
						<String ID="P331_ST00019" HPOS="380" VPOS="335" WIDTH="10" HEIGHT="17" CONTENT="7" WC="0.37" CC="6"/>
						<SP ID="P331_SP00017" HPOS="390" VPOS="352" WIDTH="35"/>
						<String ID="P331_ST00020" HPOS="425" VPOS="342" WIDTH="10" HEIGHT="9" CONTENT="»■" WC="0.60" CC="08"/>
						<SP ID="P331_SP00018" HPOS="435" VPOS="352" WIDTH="34"/>
						<String ID="P331_ST00021" HPOS="469" VPOS="340" WIDTH="40" HEIGHT="16" CONTENT="torp" WC="0.67" CC="6600"/>
						<SP ID="P331_SP00019" HPOS="509" VPOS="356" WIDTH="119"/>
						<String ID="P331_ST00022" HPOS="628" VPOS="345" WIDTH="9" HEIGHT="8" CONTENT="»" WC="0.68" CC="3"/>
						<SP ID="P331_SP00020" HPOS="637" VPOS="356" WIDTH="29"/>
						<String ID="P331_ST00023" HPOS="666" VPOS="339" WIDTH="43" HEIGHT="19" CONTENT="dorp" WC="0.34" CC="9159"/>
					</TextLine>
					<TextLine ID="P331_TL00004" HPOS="142" VPOS="365" WIDTH="666" HEIGHT="24">
						<String ID="P331_ST00024" HPOS="142" VPOS="373" WIDTH="8" HEIGHT="8" CONTENT="v" WC="0.94" CC="0"/>
						<SP ID="P331_SP00021" HPOS="150" VPOS="381" WIDTH="41"/>
						<String ID="P331_ST00025" HPOS="191" VPOS="365" WIDTH="52" HEIGHT="17" CONTENT="1340" WC="0.75" CC="0504"/>
						<SP ID="P331_SP00022" HPOS="243" VPOS="382" WIDTH="23"/>
						<String ID="P331_ST00026" HPOS="266" VPOS="372" WIDTH="10" HEIGHT="9" CONTENT="»" WC="0.51" CC="4"/>
						<SP ID="P331_SP00023" HPOS="276" VPOS="382" WIDTH="22"/>
						<String ID="P331_ST00027" HPOS="298" VPOS="365" WIDTH="11" HEIGHT="17" CONTENT="1" WC="1.00" CC="0"/>
						<SP ID="P331_SP00024" HPOS="309" VPOS="382" WIDTH="26"/>
						<String ID="P331_ST00028" HPOS="335" VPOS="373" WIDTH="9" HEIGHT="8" CONTENT="»" WC="1.00" CC="0"/>
						<SP ID="P331_SP00025" HPOS="344" VPOS="382" WIDTH="24"/>
						<String ID="P331_ST00029" HPOS="368" VPOS="366" WIDTH="24" HEIGHT="17" CONTENT="25" WC="0.22" CC="78"/>
						<SP ID="P331_SP00026" HPOS="392" VPOS="383" WIDTH="30"/>
						<String ID="P331_ST00030" HPOS="422" VPOS="373" WIDTH="10" HEIGHT="9" CONTENT="»" WC="0.41" CC="5"/>
						<SP ID="P331_SP00027" HPOS="432" VPOS="383" WIDTH="36"/>
						<String ID="P331_ST00031" HPOS="468" VPOS="369" WIDTH="34" HEIGHT="15" CONTENT="den" WC="0.33" CC="766"/>
						<SP ID="P331_SP00028" HPOS="502" VPOS="384" WIDTH="11"/>
						<String ID="P331_ST00032" HPOS="513" VPOS="369" WIDTH="78" HEIGHT="19" CONTENT="schepter" WC="0.48" CC="65779400"/>
						<SP ID="P331_SP00029" HPOS="591" VPOS="388" WIDTH="38"/>
						<String ID="P331_ST00033" HPOS="629" VPOS="375" WIDTH="8" HEIGHT="9" CONTENT="»" WC="0.93" CC="0"/>
						<SP ID="P331_SP00030" HPOS="637" VPOS="388" WIDTH="30"/>
						<String ID="P331_ST00034" HPOS="667" VPOS="371" WIDTH="53" HEIGHT="14" CONTENT="dexen" WC="0.47" CC="80736"/>
						<SP ID="P331_SP00031" HPOS="720" VPOS="388" WIDTH="11"/>
						<String ID="P331_ST00035" HPOS="731" VPOS="371" WIDTH="77" HEIGHT="18" CONTENT="schcptcr" WC="0.59" CC="01760564"/>
					</TextLine>
					<TextLine ID="P331_TL00005" HPOS="143" VPOS="395" WIDTH="596" HEIGHT="22">
						<String ID="P331_ST00036" HPOS="143" VPOS="402" WIDTH="8" HEIGHT="9" CONTENT="n" WC="0.31" CC="6"/>
						<SP ID="P331_SP00032" HPOS="151" VPOS="411" WIDTH="41"/>
						<String ID="P331_ST00037" HPOS="192" VPOS="395" WIDTH="50" HEIGHT="16" CONTENT="1341" WC="0.61" CC="0807"/>
						<SP ID="P331_SP00033" HPOS="242" VPOS="411" WIDTH="13"/>
						<String ID="P331_ST00038" HPOS="255" VPOS="397" WIDTH="54" HEIGHT="14" CONTENT="onder" WC="0.49" CC="77046"/>
						<SP ID="P331_SP00034" HPOS="309" VPOS="411" WIDTH="12"/>
						<String ID="P331_ST00039" HPOS="321" VPOS="397" WIDTH="21" HEIGHT="15" CONTENT="de" WC="0.80" CC="04"/>
						<SP ID="P331_SP00035" HPOS="342" VPOS="412" WIDTH="11"/>
						<String ID="P331_ST00040" HPOS="353" VPOS="397" WIDTH="48" HEIGHT="18" CONTENT="plaat" WC="0.33" CC="96564"/>
						<SP ID="P331_SP00036" HPOS="401" VPOS="415" WIDTH="9"/>
						<String ID="P331_ST00041" HPOS="410" VPOS="403" WIDTH="4" HEIGHT="10" CONTENT=":" WC="0.35" CC="6"/>
						<SP ID="P331_SP00037" HPOS="414" VPOS="415" WIDTH="13"/>
						<String ID="P331_ST00042" HPOS="427" VPOS="395" WIDTH="31" HEIGHT="18" CONTENT="fces" WC="0.49" CC="1188"/>
						<SP ID="P331_SP00038" HPOS="458" VPOS="415" WIDTH="12"/>
						<String ID="P331_ST00043" HPOS="470" VPOS="400" WIDTH="65" HEIGHT="14" CONTENT="canut" WC="0.42" CC="70874"/>
						<SP ID="P331_SP00039" HPOS="535" VPOS="415" WIDTH="12"/>
						<String ID="P331_ST00044" HPOS="547" VPOS="401" WIDTH="26" HEIGHT="13" CONTENT="en" WC="1.00" CC="00"/>
						<SP ID="P331_SP00040" HPOS="573" VPOS="415" WIDTH="10"/>
						<String ID="P331_ST00045" HPOS="583" VPOS="401" WIDTH="44" HEIGHT="14" CONTENT="erir" WC="0.34" CC="9808"/>
						<SP ID="P331_SP00041" HPOS="627" VPOS="415" WIDTH="13"/>
						<String ID="P331_ST00046" HPOS="640" VPOS="402" WIDTH="99" HEIGHT="15" CONTENT="canutson" WC="0.30" CC="58776359"/>
					</TextLine>
					<TextLine ID="P331_TL00006" HPOS="141" VPOS="424" WIDTH="662" HEIGHT="25">
						<String ID="P331_ST00047" HPOS="141" VPOS="432" WIDTH="9" HEIGHT="8" CONTENT="ïi" WC="0.29" CC="67"/>
						<SP ID="P331_SP00042" HPOS="150" VPOS="440" WIDTH="40"/>
						<String ID="P331_ST00048" HPOS="190" VPOS="424" WIDTH="49" HEIGHT="18" CONTENT="1351" WC="0.41" CC="0787"/>
						<SP ID="P331_SP00043" HPOS="239" VPOS="442" WIDTH="79"/>
						<String ID="P331_ST00049" HPOS="318" VPOS="432" WIDTH="9" HEIGHT="8" CONTENT="»" WC="0.68" CC="3"/>
						<SP ID="P331_SP00044" HPOS="327" VPOS="442" WIDTH="109"/>
						<String ID="P331_ST00050" HPOS="436" VPOS="433" WIDTH="9" HEIGHT="9" CONTENT="»" WC="0.61" CC="3"/>
						<SP ID="P331_SP00045" HPOS="445" VPOS="442" WIDTH="24"/>
						<String ID="P331_ST00051" HPOS="469" VPOS="431" WIDTH="42" HEIGHT="13" CONTENT="HUIS" WC="0.62" CC="7070"/>
						<SP ID="P331_SP00046" HPOS="511" VPOS="444" WIDTH="12"/>
						<String ID="P331_ST00052" HPOS="523" VPOS="432" WIDTH="24" HEIGHT="12" CONTENT="TE" WC="0.39" CC="92"/>
						<SP ID="P331_SP00047" HPOS="547" VPOS="444" WIDTH="11"/>
						<String ID="P331_ST00053" HPOS="558" VPOS="432" WIDTH="61" HEIGHT="17" CONTENT="MORA," WC="0.41" CC="77706"/>
						<SP ID="P331_SP00048" HPOS="619" VPOS="449" WIDTH="14"/>
						<String ID="P331_ST00054" HPOS="633" VPOS="433" WIDTH="56" HEIGHT="13" CONTENT="WAAR" WC="0.19" CC="7977"/>
						<SP ID="P331_SP00049" HPOS="689" VPOS="449" WIDTH="11"/>
						<String ID="P331_ST00055" HPOS="700" VPOS="433" WIDTH="85" HEIGHT="14" CONTENT="GUSTAAF" WC="0.33" CC="7506997"/>
						<SP ID="P331_SP00050" HPOS="785" VPOS="449" WIDTH="12"/>
						<String ID="P331_ST00056" HPOS="797" VPOS="435" WIDTH="6" HEIGHT="12" CONTENT="I" WC="0.79" CC="2"/>
					</TextLine>
					<TextLine ID="P331_TL00007" HPOS="468" VPOS="461" WIDTH="263" HEIGHT="16">
						<String ID="P331_ST00057" HPOS="468" VPOS="461" WIDTH="48" HEIGHT="14" CONTENT="EENE" WC="0.35" CC="7764"/>
						<SP ID="P331_SP00051" HPOS="516" VPOS="475" WIDTH="11"/>
						<String ID="P331_ST00058" HPOS="527" VPOS="462" WIDTH="135" HEIGHT="15" CONTENT="SCHUILPLAATS" WC="0.32" CC="706728979945"/>
						<SP ID="P331_SP00052" HPOS="662" VPOS="477" WIDTH="12"/>
						<String ID="P331_ST00059" HPOS="674" VPOS="463" WIDTH="57" HEIGHT="14" CONTENT="VOND." WC="0.50" CC="52564"/>
					</TextLine>
					<TextLine ID="P331_TL00008" HPOS="193" VPOS="485" WIDTH="489" HEIGHT="21">
						<String ID="P331_ST00060" HPOS="193" VPOS="485" WIDTH="50" HEIGHT="18" CONTENT="1360" WC="0.48" CC="0865"/>
						<SP ID="P331_SP00053" HPOS="243" VPOS="503" WIDTH="11"/>
						<String ID="P331_ST00061" HPOS="254" VPOS="489" WIDTH="35" HEIGHT="14" CONTENT="kol." WC="0.59" CC="0474"/>
						<SP ID="P331_SP00054" HPOS="289" VPOS="503" WIDTH="13"/>
						<String ID="P331_ST00062" HPOS="302" VPOS="486" WIDTH="12" HEIGHT="17" CONTENT="2" WC="1.00" CC="0"/>
						<SP ID="P331_SP00055" HPOS="314" VPOS="503" WIDTH="12"/>
						<String ID="P331_ST00063" HPOS="326" VPOS="492" WIDTH="37" HEIGHT="14" CONTENT="reg." WC="0.27" CC="6894"/>
						<SP ID="P331_SP00056" HPOS="363" VPOS="506" WIDTH="14"/>
						<String ID="P331_ST00064" HPOS="377" VPOS="486" WIDTH="24" HEIGHT="17" CONTENT="32" WC="0.09" CC="89"/>
						<SP ID="P331_SP00057" HPOS="401" VPOS="506" WIDTH="11"/>
						<String ID="P331_ST00065" HPOS="412" VPOS="491" WIDTH="54" HEIGHT="13" CONTENT="staat;" WC="0.55" CC="074077"/>
						<SP ID="P331_SP00058" HPOS="466" VPOS="506" WIDTH="14"/>
						<String ID="P331_ST00066" HPOS="480" VPOS="489" WIDTH="35" HEIGHT="16" CONTENT="Zeit" WC="0.60" CC="0365"/>
						<SP ID="P331_SP00059" HPOS="515" VPOS="506" WIDTH="67"/>
						<String ID="P331_ST00067" HPOS="582" VPOS="489" WIDTH="31" HEIGHT="17" CONTENT="Ues" WC="0.25" CC="947"/>
						<SP ID="P331_SP00060" HPOS="613" VPOS="506" WIDTH="6"/>
						<String ID="P331_ST00068" HPOS="619" VPOS="498" WIDTH="5" HEIGHT="8" CONTENT=".■" WC="0.38" CC="48"/>
						<SP ID="P331_SP00061" HPOS="624" VPOS="506" WIDTH="12"/>
						<String ID="P331_ST00069" HPOS="636" VPOS="490" WIDTH="46" HEIGHT="16" CONTENT="ZeiU" WC="0.46" CC="4609"/>
					</TextLine>
					<TextLine ID="P331_TL00009" HPOS="143" VPOS="516" WIDTH="552" HEIGHT="25">
						<String ID="P331_ST00070" HPOS="143" VPOS="523" WIDTH="9" HEIGHT="10" CONTENT="»" WC="0.31" CC="6"/>
						<SP ID="P331_SP00062" HPOS="152" VPOS="533" WIDTH="40"/>
						<String ID="P331_ST00071" HPOS="192" VPOS="516" WIDTH="51" HEIGHT="17" CONTENT="1392" WC="0.56" CC="0709"/>
						<SP ID="P331_SP00063" HPOS="243" VPOS="533" WIDTH="23"/>
						<String ID="P331_ST00072" HPOS="266" VPOS="524" WIDTH="10" HEIGHT="9" CONTENT="»" WC="0.64" CC="3"/>
						<SP ID="P331_SP00064" HPOS="276" VPOS="533" WIDTH="23"/>
						<String ID="P331_ST00073" HPOS="299" VPOS="516" WIDTH="10" HEIGHT="17" CONTENT="1" WC="1.00" CC="0"/>
						<SP ID="P331_SP00065" HPOS="309" VPOS="533" WIDTH="32"/>
						<String ID="P331_ST00074" HPOS="341" VPOS="523" WIDTH="9" HEIGHT="10" CONTENT="»" WC="0.49" CC="5"/>
						<SP ID="P331_SP00066" HPOS="350" VPOS="533" WIDTH="24"/>
						<String ID="P331_ST00075" HPOS="374" VPOS="516" WIDTH="25" HEIGHT="17" CONTENT="25" WC="0.01" CC="99"/>
						<SP ID="P331_SP00067" HPOS="399" VPOS="533" WIDTH="31"/>
						<String ID="P331_ST00076" HPOS="430" VPOS="524" WIDTH="9" HEIGHT="9" CONTENT="»" WC="0.85" CC="1"/>
						<SP ID="P331_SP00068" HPOS="439" VPOS="533" WIDTH="36"/>
						<String ID="P331_ST00077" HPOS="475" VPOS="520" WIDTH="60" HEIGHT="18" CONTENT="leggen" WC="0.47" CC="777018"/>
						<SP ID="P331_SP00069" HPOS="535" VPOS="538" WIDTH="61"/>
						<String ID="P331_ST00078" HPOS="596" VPOS="527" WIDTH="7" HEIGHT="7" CONTENT="»" WC="0.37" CC="6"/>
						<SP ID="P331_SP00070" HPOS="603" VPOS="538" WIDTH="32"/>
						<String ID="P331_ST00079" HPOS="635" VPOS="522" WIDTH="60" HEIGHT="19" CONTENT="liggen" WC="0.34" CC="577917"/>
					</TextLine>
					<TextLine ID="P331_TL00010" HPOS="143" VPOS="546" WIDTH="581" HEIGHT="27">
						<String ID="P331_ST00080" HPOS="143" VPOS="553" WIDTH="9" HEIGHT="8" CONTENT="»" WC="0.31" CC="6"/>
						<SP ID="P331_SP00071" HPOS="152" VPOS="561" WIDTH="41"/>
						<String ID="P331_ST00081" HPOS="193" VPOS="546" WIDTH="50" HEIGHT="17" CONTENT="1450" WC="0.83" CC="0060"/>
						<SP ID="P331_SP00072" HPOS="243" VPOS="563" WIDTH="22"/>
						<String ID="P331_ST00082" HPOS="265" VPOS="552" WIDTH="10" HEIGHT="9" CONTENT="»" WC="0.52" CC="4"/>
						<SP ID="P331_SP00073" HPOS="275" VPOS="563" WIDTH="23"/>
						<String ID="P331_ST00083" HPOS="298" VPOS="547" WIDTH="11" HEIGHT="15" CONTENT="1" WC="1.00" CC="0"/>
						<SP ID="P331_SP00074" HPOS="309" VPOS="563" WIDTH="31"/>
						<String ID="P331_ST00084" HPOS="340" VPOS="554" WIDTH="8" HEIGHT="8" CONTENT="»" WC="1.00" CC="0"/>
						<SP ID="P331_SP00075" HPOS="348" VPOS="563" WIDTH="25"/>
						<String ID="P331_ST00085" HPOS="373" VPOS="546" WIDTH="23" HEIGHT="17" CONTENT="57" WC="0.58" CC="80"/>
						<SP ID="P331_SP00076" HPOS="396" VPOS="563" WIDTH="31"/>
						<String ID="P331_ST00086" HPOS="427" VPOS="554" WIDTH="9" HEIGHT="9" CONTENT="»" WC="0.38" CC="6"/>
						<SP ID="P331_SP00077" HPOS="436" VPOS="563" WIDTH="34"/>
						<String ID="P331_ST00087" HPOS="470" VPOS="549" WIDTH="42" HEIGHT="15" CONTENT="Lidk" WC="0.81" CC="0006"/>
						<SP ID="P331_SP00078" HPOS="512" VPOS="564" WIDTH="8"/>
						<String ID="P331_ST00088" HPOS="520" VPOS="549" WIDTH="43" HEIGHT="22" CONTENT="ping" WC="0.46" CC="5194"/>
						<SP ID="P331_SP00079" HPOS="563" VPOS="571" WIDTH="29"/>
						<String ID="P331_ST00089" HPOS="592" VPOS="555" WIDTH="10" HEIGHT="10" CONTENT="»" WC="0.80" CC="1"/>
						<SP ID="P331_SP00080" HPOS="602" VPOS="571" WIDTH="31"/>
						<String ID="P331_ST00090" HPOS="633" VPOS="550" WIDTH="91" HEIGHT="23" CONTENT="Link'ping" WC="0.53" CC="007617575"/>
					</TextLine>
					<TextLine ID="P331_TL00011" HPOS="194" VPOS="575" WIDTH="481" HEIGHT="23">
						<String ID="P331_ST00091" HPOS="194" VPOS="575" WIDTH="50" HEIGHT="18" CONTENT="1448" WC="0.35" CC="0996"/>
						<SP ID="P331_SP00081" HPOS="244" VPOS="593" WIDTH="24"/>
						<String ID="P331_ST00092" HPOS="268" VPOS="582" WIDTH="9" HEIGHT="8" CONTENT="»" WC="0.40" CC="5"/>
						<SP ID="P331_SP00082" HPOS="277" VPOS="593" WIDTH="24"/>
						<String ID="P331_ST00093" HPOS="301" VPOS="577" WIDTH="12" HEIGHT="16" CONTENT="2" WC="0.30" CC="6"/>
						<SP ID="P331_SP00083" HPOS="313" VPOS="593" WIDTH="28"/>
						<String ID="P331_ST00094" HPOS="341" VPOS="583" WIDTH="9" HEIGHT="9" CONTENT="d" WC="0.13" CC="8"/>
						<SP ID="P331_SP00084" HPOS="350" VPOS="593" WIDTH="24"/>
						<String ID="P331_ST00095" HPOS="374" VPOS="576" WIDTH="25" HEIGHT="17" CONTENT="46" WC="0.19" CC="96"/>
						<SP ID="P331_SP00085" HPOS="399" VPOS="593" WIDTH="30"/>
						<String ID="P331_ST00096" HPOS="429" VPOS="585" WIDTH="8" HEIGHT="8" CONTENT="»" WC="0.49" CC="5"/>
						<SP ID="P331_SP00086" HPOS="437" VPOS="593" WIDTH="30"/>
						<String ID="P331_ST00097" HPOS="467" VPOS="581" WIDTH="41" HEIGHT="13" CONTENT="zerk" WC="0.37" CC="7736"/>
						<SP ID="P331_SP00087" HPOS="508" VPOS="594" WIDTH="88"/>
						<String ID="P331_ST00098" HPOS="596" VPOS="586" WIDTH="8" HEIGHT="9" CONTENT="»" WC="0.72" CC="2"/>
						<SP ID="P331_SP00088" HPOS="604" VPOS="595" WIDTH="28"/>
						<String ID="P331_ST00099" HPOS="632" VPOS="582" WIDTH="43" HEIGHT="16" CONTENT="kerk" WC="0.28" CC="7767"/>
					</TextLine>
					<TextLine ID="P331_TL00012" HPOS="142" VPOS="606" WIDTH="657" HEIGHT="21">
						<String ID="P331_ST00100" HPOS="142" VPOS="613" WIDTH="10" HEIGHT="8" CONTENT="»" WC="0.27" CC="7"/>
						<SP ID="P331_SP00089" HPOS="152" VPOS="621" WIDTH="39"/>
						<String ID="P331_ST00101" HPOS="191" VPOS="606" WIDTH="51" HEIGHT="17" CONTENT="1455" WC="0.61" CC="0086"/>
						<SP ID="P331_SP00090" HPOS="242" VPOS="623" WIDTH="23"/>
						<String ID="P331_ST00102" HPOS="265" VPOS="614" WIDTH="8" HEIGHT="7" CONTENT="»" WC="0.37" CC="6"/>
						<SP ID="P331_SP00091" HPOS="273" VPOS="623" WIDTH="25"/>
						<String ID="P331_ST00103" HPOS="298" VPOS="606" WIDTH="11" HEIGHT="17" CONTENT="2" WC="1.00" CC="0"/>
						<SP ID="P331_SP00092" HPOS="309" VPOS="623" WIDTH="29"/>
						<String ID="P331_ST00104" HPOS="338" VPOS="614" WIDTH="9" HEIGHT="9" CONTENT="»" WC="1.00" CC="0"/>
						<SP ID="P331_SP00093" HPOS="347" VPOS="623" WIDTH="24"/>
						<String ID="P331_ST00105" HPOS="371" VPOS="606" WIDTH="24" HEIGHT="18" CONTENT="48" WC="0.10" CC="98"/>
						<SP ID="P331_SP00094" HPOS="395" VPOS="624" WIDTH="30"/>
						<String ID="P331_ST00106" HPOS="425" VPOS="616" WIDTH="9" HEIGHT="9" CONTENT="»" WC="0.58" CC="4"/>
						<SP ID="P331_SP00095" HPOS="434" VPOS="625" WIDTH="32"/>
						<String ID="P331_ST00107" HPOS="466" VPOS="610" WIDTH="31" HEIGHT="15" CONTENT="der" WC="0.41" CC="745"/>
						<SP ID="P331_SP00096" HPOS="497" VPOS="625" WIDTH="7"/>
						<String ID="P331_ST00108" HPOS="504" VPOS="611" WIDTH="81" HEIGHT="15" CONTENT="visschers" WC="0.37" CC="589517907"/>
						<SP ID="P331_SP00097" HPOS="585" VPOS="626" WIDTH="9"/>
						<String ID="P331_ST00109" HPOS="594" VPOS="616" WIDTH="8" HEIGHT="8" CONTENT="»" WC="0.39" CC="6"/>
						<SP ID="P331_SP00098" HPOS="602" VPOS="626" WIDTH="29"/>
						<String ID="P331_ST00110" HPOS="631" VPOS="616" WIDTH="31" HEIGHT="11" CONTENT="ren" WC="0.48" CC="760"/>
						<SP ID="P331_SP00099" HPOS="662" VPOS="627" WIDTH="14"/>
						<String ID="P331_ST00111" HPOS="676" VPOS="612" WIDTH="31" HEIGHT="15" CONTENT="der" WC="0.66" CC="045"/>
						<SP ID="P331_SP00100" HPOS="707" VPOS="627" WIDTH="11"/>
						<String ID="P331_ST00112" HPOS="718" VPOS="611" WIDTH="81" HEIGHT="16" CONTENT="vlsschers" WC="0.27" CC="878718778"/>
					</TextLine>
				</TextBlock>
				<TextBlock ID="P331_TB00003" HPOS="898" VPOS="303" WIDTH="725" HEIGHT="300" STYLEREFS="TXT_0 PAR_LEFT">
					<TextLine ID="P331_TL00013" HPOS="904" VPOS="308" WIDTH="541" HEIGHT="24">
						<String ID="P331_ST00113" HPOS="904" VPOS="308" WIDTH="60" HEIGHT="18" CONTENT="Bladz." WC="0.48" CC="137773"/>
						<SP ID="P331_SP00101" HPOS="964" VPOS="326" WIDTH="12"/>
						<String ID="P331_ST00114" HPOS="976" VPOS="309" WIDTH="49" HEIGHT="18" CONTENT="1482" WC="0.38" CC="0949"/>
						<SP ID="P331_SP00102" HPOS="1025" VPOS="327" WIDTH="12"/>
						<String ID="P331_ST00115" HPOS="1037" VPOS="311" WIDTH="35" HEIGHT="16" CONTENT="kol." WC="0.47" CC="7184"/>
						<SP ID="P331_SP00103" HPOS="1072" VPOS="327" WIDTH="10"/>
						<String ID="P331_ST00116" HPOS="1082" VPOS="310" WIDTH="12" HEIGHT="17" CONTENT="2" WC="0.01" CC="9"/>
						<SP ID="P331_SP00104" HPOS="1094" VPOS="327" WIDTH="10"/>
						<String ID="P331_ST00117" HPOS="1104" VPOS="316" WIDTH="37" HEIGHT="15" CONTENT="reg." WC="0.40" CC="6573"/>
						<SP ID="P331_SP00105" HPOS="1141" VPOS="331" WIDTH="18"/>
						<String ID="P331_ST00118" HPOS="1159" VPOS="310" WIDTH="25" HEIGHT="17" CONTENT="16" WC="0.66" CC="06"/>
						<SP ID="P331_SP00106" HPOS="1184" VPOS="331" WIDTH="11"/>
						<String ID="P331_ST00119" HPOS="1195" VPOS="314" WIDTH="50" HEIGHT="13" CONTENT="staat-," WC="0.37" CC="6699524"/>
						<SP ID="P331_SP00107" HPOS="1245" VPOS="331" WIDTH="9"/>
						<String ID="P331_ST00120" HPOS="1254" VPOS="314" WIDTH="32" HEIGHT="17" CONTENT="vrij" WC="0.19" CC="8778"/>
						<SP ID="P331_SP00108" HPOS="1286" VPOS="331" WIDTH="11"/>
						<String ID="P331_ST00121" HPOS="1297" VPOS="313" WIDTH="41" HEIGHT="16" CONTENT="kort" WC="0.25" CC="9657"/>
						<SP ID="P331_SP00109" HPOS="1338" VPOS="331" WIDTH="22"/>
						<String ID="P331_ST00122" HPOS="1360" VPOS="312" WIDTH="42" HEIGHT="18" CONTENT="lees:" WC="0.45" CC="06378"/>
						<SP ID="P331_SP00110" HPOS="1402" VPOS="331" WIDTH="11"/>
						<String ID="P331_ST00123" HPOS="1413" VPOS="315" WIDTH="32" HEIGHT="17" CONTENT="rry" WC="0.26" CC="786"/>
					</TextLine>
					<TextLine ID="P331_TL00014" HPOS="928" VPOS="339" WIDTH="690" HEIGHT="25">
						<String ID="P331_ST00124" HPOS="928" VPOS="346" WIDTH="9" HEIGHT="9" CONTENT="»" WC="0.32" CC="6"/>
						<SP ID="P331_SP00111" HPOS="937" VPOS="355" WIDTH="40"/>
						<String ID="P331_ST00125" HPOS="977" VPOS="339" WIDTH="51" HEIGHT="18" CONTENT="1505" WC="0.52" CC="0719"/>
						<SP ID="P331_SP00112" HPOS="1028" VPOS="357" WIDTH="23"/>
						<String ID="P331_ST00126" HPOS="1051" VPOS="347" WIDTH="9" HEIGHT="9" CONTENT="»" WC="0.28" CC="7"/>
						<SP ID="P331_SP00113" HPOS="1060" VPOS="357" WIDTH="24"/>
						<String ID="P331_ST00127" HPOS="1084" VPOS="340" WIDTH="12" HEIGHT="17" CONTENT="2" WC="0.01" CC="9"/>
						<SP ID="P331_SP00114" HPOS="1096" VPOS="357" WIDTH="31"/>
						<String ID="P331_ST00128" HPOS="1127" VPOS="348" WIDTH="10" HEIGHT="8" CONTENT="»" WC="0.47" CC="5"/>
						<SP ID="P331_SP00115" HPOS="1137" VPOS="357" WIDTH="23"/>
						<String ID="P331_ST00129" HPOS="1160" VPOS="340" WIDTH="26" HEIGHT="17" CONTENT="10" WC="0.33" CC="85"/>
						<SP ID="P331_SP00116" HPOS="1186" VPOS="357" WIDTH="12"/>
						<String ID="P331_ST00130" HPOS="1198" VPOS="347" WIDTH="39" HEIGHT="17" CONTENT="voeg" WC="0.51" CC="1665"/>
						<SP ID="P331_SP00117" HPOS="1237" VPOS="364" WIDTH="11"/>
						<String ID="P331_ST00131" HPOS="1248" VPOS="342" WIDTH="33" HEIGHT="22" CONTENT="bij;" WC="0.41" CC="7437"/>
						<SP ID="P331_SP00118" HPOS="1281" VPOS="364" WIDTH="12"/>
						<String ID="P331_ST00132" HPOS="1293" VPOS="341" WIDTH="21" HEIGHT="17" CONTENT="In" WC="0.40" CC="47"/>
						<SP ID="P331_SP00119" HPOS="1314" VPOS="364" WIDTH="14"/>
						<String ID="P331_ST00133" HPOS="1328" VPOS="344" WIDTH="20" HEIGHT="15" CONTENT="de" WC="0.40" CC="74"/>
						<SP ID="P331_SP00120" HPOS="1348" VPOS="364" WIDTH="9"/>
						<String ID="P331_ST00134" HPOS="1357" VPOS="344" WIDTH="65" HEIGHT="16" CONTENT="tweede" WC="0.30" CC="776676"/>
						<SP ID="P331_SP00121" HPOS="1422" VPOS="364" WIDTH="8"/>
						<String ID="P331_ST00135" HPOS="1430" VPOS="343" WIDTH="43" HEIGHT="17" CONTENT="helft" WC="0.29" CC="76776"/>
						<SP ID="P331_SP00122" HPOS="1473" VPOS="364" WIDTH="7"/>
						<String ID="P331_ST00136" HPOS="1480" VPOS="344" WIDTH="29" HEIGHT="16" CONTENT="des" WC="0.39" CC="827"/>
						<SP ID="P331_SP00123" HPOS="1509" VPOS="364" WIDTH="7"/>
						<String ID="P331_ST00137" HPOS="1516" VPOS="345" WIDTH="45" HEIGHT="17" CONTENT="jaars" WC="0.25" CC="85877"/>
						<SP ID="P331_SP00124" HPOS="1561" VPOS="364" WIDTH="8"/>
						<String ID="P331_ST00138" HPOS="1569" VPOS="340" WIDTH="49" HEIGHT="20" CONTENT="18#Ï" WC="0.19" CC="8887"/>
					</TextLine>
					<TextLine ID="P331_TL00015" HPOS="905" VPOS="371" WIDTH="713" HEIGHT="24">
						<String ID="P331_ST00139" HPOS="905" VPOS="371" WIDTH="45" HEIGHT="15" CONTENT="heeft" WC="0.15" CC="89868"/>
						<SP ID="P331_SP00125" HPOS="950" VPOS="386" WIDTH="11"/>
						<String ID="P331_ST00140" HPOS="961" VPOS="371" WIDTH="65" HEIGHT="19" CONTENT="koning" WC="0.59" CC="908500"/>
						<SP ID="P331_SP00126" HPOS="1026" VPOS="390" WIDTH="11"/>
						<String ID="P331_ST00141" HPOS="1037" VPOS="374" WIDTH="56" HEIGHT="14" CONTENT="OSCAR" WC="0.52" CC="64308"/>
						<SP ID="P331_SP00127" HPOS="1093" VPOS="390" WIDTH="12"/>
						<String ID="P331_ST00142" HPOS="1105" VPOS="373" WIDTH="21" HEIGHT="15" CONTENT="de" WC="0.50" CC="90"/>
						<SP ID="P331_SP00128" HPOS="1126" VPOS="390" WIDTH="12"/>
						<String ID="P331_ST00143" HPOS="1138" VPOS="375" WIDTH="54" HEIGHT="13" CONTENT="eerste" WC="0.49" CC="076096"/>
						<SP ID="P331_SP00129" HPOS="1192" VPOS="390" WIDTH="12"/>
						<String ID="P331_ST00144" HPOS="1204" VPOS="374" WIDTH="131" HEIGHT="19" CONTENT="noorweegsche" WC="0.37" CC="767097797174"/>
						<SP ID="P331_SP00130" HPOS="1335" VPOS="393" WIDTH="7"/>
						<String ID="P331_ST00145" HPOS="1342" VPOS="375" WIDTH="102" HEIGHT="15" CONTENT="ridderorde" WC="0.33" CC="3699077876"/>
						<SP ID="P331_SP00131" HPOS="1444" VPOS="393" WIDTH="7"/>
						<String ID="P331_ST00146" HPOS="1451" VPOS="386" WIDTH="4" HEIGHT="9" CONTENT="," WC="0.55" CC="4"/>
						<SP ID="P331_SP00132" HPOS="1455" VPOS="395" WIDTH="8"/>
						<String ID="P331_ST00147" HPOS="1463" VPOS="376" WIDTH="28" HEIGHT="14" CONTENT="die" WC="0.71" CC="053"/>
						<SP ID="P331_SP00133" HPOS="1491" VPOS="395" WIDTH="8"/>
						<String ID="P331_ST00148" HPOS="1499" VPOS="378" WIDTH="34" HEIGHT="11" CONTENT="Tan" WC="0.26" CC="767"/>
						<SP ID="P331_SP00134" HPOS="1533" VPOS="395" WIDTH="8"/>
						<String ID="P331_ST00149" HPOS="1541" VPOS="377" WIDTH="21" HEIGHT="12" CONTENT="st." WC="0.30" CC="874"/>
						<SP ID="P331_SP00135" HPOS="1562" VPOS="395" WIDTH="8"/>
						<String ID="P331_ST00150" HPOS="1570" VPOS="371" WIDTH="48" HEIGHT="22" CONTENT="Olof," WC="0.30" CC="74777"/>
					</TextLine>
					<TextLine ID="P331_TL00016" HPOS="903" VPOS="401" WIDTH="90" HEIGHT="19">
						<String ID="P331_ST00151" HPOS="903" VPOS="401" WIDTH="90" HEIGHT="19" CONTENT="Ingesteld." WC="0.50" CC="5845603673"/>
					</TextLine>
					<TextLine ID="P331_TL00017" HPOS="904" VPOS="429" WIDTH="605" HEIGHT="26">
						<String ID="P331_ST00152" HPOS="904" VPOS="429" WIDTH="59" HEIGHT="18" CONTENT="Bladz." WC="0.51" CC="015974"/>
						<SP ID="P331_SP00136" HPOS="963" VPOS="447" WIDTH="13"/>
						<String ID="P331_ST00153" HPOS="976" VPOS="429" WIDTH="50" HEIGHT="18" CONTENT="1527" WC="0.70" CC="0803"/>
						<SP ID="P331_SP00137" HPOS="1026" VPOS="447" WIDTH="11"/>
						<String ID="P331_ST00154" HPOS="1037" VPOS="432" WIDTH="36" HEIGHT="15" CONTENT="kol." WC="0.56" CC="9222"/>
						<SP ID="P331_SP00138" HPOS="1073" VPOS="447" WIDTH="13"/>
						<String ID="P331_ST00155" HPOS="1086" VPOS="430" WIDTH="11" HEIGHT="16" CONTENT="2" WC="0.01" CC="9"/>
						<SP ID="P331_SP00139" HPOS="1097" VPOS="447" WIDTH="12"/>
						<String ID="P331_ST00156" HPOS="1109" VPOS="437" WIDTH="36" HEIGHT="13" CONTENT="reg." WC="0.40" CC="6492"/>
						<SP ID="P331_SP00140" HPOS="1145" VPOS="450" WIDTH="14"/>
						<String ID="P331_ST00157" HPOS="1159" VPOS="431" WIDTH="25" HEIGHT="17" CONTENT="16" WC="0.57" CC="08"/>
						<SP ID="P331_SP00141" HPOS="1184" VPOS="450" WIDTH="12"/>
						<String ID="P331_ST00158" HPOS="1196" VPOS="436" WIDTH="40" HEIGHT="12" CONTENT="itaat" WC="0.48" CC="45905"/>
						<String ID="P331_ST00159" HPOS="1243" VPOS="439" WIDTH="5" HEIGHT="9" CONTENT=".-" WC="0.71" CC="14"/>
						<SP ID="P331_SP00142" HPOS="1248" VPOS="450" WIDTH="13"/>
						<String ID="P331_ST00160" HPOS="1261" VPOS="437" WIDTH="46" HEIGHT="12" CONTENT="meer" WC="0.23" CC="9677"/>
						<SP ID="P331_SP00143" HPOS="1307" VPOS="450" WIDTH="12"/>
						<String ID="P331_ST00161" HPOS="1319" VPOS="437" WIDTH="34" HEIGHT="18" CONTENT="nog" WC="0.26" CC="867"/>
						<SP ID="P331_SP00144" HPOS="1353" VPOS="455" WIDTH="12"/>
						<String ID="P331_ST00162" HPOS="1365" VPOS="433" WIDTH="31" HEIGHT="16" CONTENT="lees" WC="0.57" CC="0970"/>
						<SP ID="P331_SP00145" HPOS="1396" VPOS="455" WIDTH="9"/>
						<String ID="P331_ST00163" HPOS="1405" VPOS="442" WIDTH="2" HEIGHT="1" CONTENT="■" WC="0.20" CC="8"/>
						<SP ID="P331_SP00146" HPOS="1407" VPOS="455" WIDTH="12"/>
						<String ID="P331_ST00164" HPOS="1419" VPOS="436" WIDTH="90" HEIGHT="14" CONTENT="niettemin" WC="0.37" CC="713956947"/>
					</TextLine>
					<TextLine ID="P331_TL00018" HPOS="926" VPOS="459" WIDTH="545" HEIGHT="21">
						<String ID="P331_ST00165" HPOS="926" VPOS="466" WIDTH="8" HEIGHT="9" CONTENT="»" WC="0.46" CC="5"/>
						<SP ID="P331_SP00147" HPOS="934" VPOS="475" WIDTH="40"/>
						<String ID="P331_ST00166" HPOS="974" VPOS="459" WIDTH="50" HEIGHT="17" CONTENT="1528" WC="0.41" CC="0894"/>
						<SP ID="P331_SP00148" HPOS="1024" VPOS="476" WIDTH="25"/>
						<String ID="P331_ST00167" HPOS="1049" VPOS="467" WIDTH="8" HEIGHT="8" CONTENT="»" WC="0.31" CC="6"/>
						<SP ID="P331_SP00149" HPOS="1057" VPOS="476" WIDTH="25"/>
						<String ID="P331_ST00168" HPOS="1082" VPOS="460" WIDTH="10" HEIGHT="16" CONTENT="1" WC="0.55" CC="4"/>
						<SP ID="P331_SP00150" HPOS="1092" VPOS="476" WIDTH="29"/>
						<String ID="P331_ST00169" HPOS="1121" VPOS="466" WIDTH="10" HEIGHT="10" CONTENT="»" WC="0.26" CC="7"/>
						<SP ID="P331_SP00151" HPOS="1131" VPOS="476" WIDTH="39"/>
						<String ID="P331_ST00170" HPOS="1170" VPOS="460" WIDTH="12" HEIGHT="17" CONTENT="2" WC="1.00" CC="0"/>
						<SP ID="P331_SP00152" HPOS="1182" VPOS="477" WIDTH="27"/>
						<String ID="P331_ST00171" HPOS="1209" VPOS="468" WIDTH="10" HEIGHT="10" CONTENT="»" WC="0.27" CC="7"/>
						<SP ID="P331_SP00153" HPOS="1219" VPOS="478" WIDTH="39"/>
						<String ID="P331_ST00172" HPOS="1258" VPOS="461" WIDTH="53" HEIGHT="18" CONTENT="1000" WC="0.59" CC="0563"/>
						<SP ID="P331_SP00154" HPOS="1311" VPOS="479" WIDTH="65"/>
						<String ID="P331_ST00173" HPOS="1376" VPOS="470" WIDTH="10" HEIGHT="9" CONTENT="»" WC="0.47" CC="5"/>
						<SP ID="P331_SP00155" HPOS="1386" VPOS="479" WIDTH="34"/>
						<String ID="P331_ST00174" HPOS="1420" VPOS="462" WIDTH="51" HEIGHT="18" CONTENT="2000" WC="0.35" CC="6657"/>
					</TextLine>
					<TextLine ID="P331_TL00019" HPOS="927" VPOS="492" WIDTH="476" HEIGHT="19">
						<String ID="P331_ST00175" HPOS="927" VPOS="496" WIDTH="9" HEIGHT="9" CONTENT="»" WC="0.26" CC="7"/>
						<SP ID="P331_SP00156" HPOS="936" VPOS="505" WIDTH="58"/>
						<String ID="P331_ST00176" HPOS="994" VPOS="497" WIDTH="9" HEIGHT="9" CONTENT="»" WC="0.42" CC="5"/>
						<SP ID="P331_SP00157" HPOS="1003" VPOS="506" WIDTH="35"/>
						<String ID="P331_ST00177" HPOS="1038" VPOS="493" WIDTH="55" HEIGHT="14" CONTENT="onder" WC="0.24" CC="57978"/>
						<SP ID="P331_SP00158" HPOS="1093" VPOS="507" WIDTH="11"/>
						<String ID="P331_ST00178" HPOS="1104" VPOS="493" WIDTH="20" HEIGHT="14" CONTENT="de" WC="0.71" CC="05"/>
						<SP ID="P331_SP00159" HPOS="1124" VPOS="507" WIDTH="11"/>
						<String ID="P331_ST00179" HPOS="1135" VPOS="493" WIDTH="46" HEIGHT="18" CONTENT="plaat" WC="0.55" CC="90650"/>
						<String ID="P331_ST00180" HPOS="1190" VPOS="499" WIDTH="4" HEIGHT="9" CONTENT=":" WC="0.30" CC="6"/>
						<SP ID="P331_SP00160" HPOS="1194" VPOS="511" WIDTH="13"/>
						<String ID="P331_ST00181" HPOS="1207" VPOS="492" WIDTH="30" HEIGHT="17" CONTENT="lees" WC="0.32" CC="3669"/>
						<String ID="P331_ST00182" HPOS="1243" VPOS="499" WIDTH="5" HEIGHT="10" CONTENT=":" WC="0.32" CC="6"/>
						<SP ID="P331_SP00161" HPOS="1248" VPOS="511" WIDTH="11"/>
						<String ID="P331_ST00183" HPOS="1259" VPOS="496" WIDTH="23" HEIGHT="13" CONTENT="DE" WC="0.27" CC="77"/>
						<SP ID="P331_SP00162" HPOS="1282" VPOS="511" WIDTH="12"/>
						<String ID="P331_ST00184" HPOS="1294" VPOS="497" WIDTH="109" HEIGHT="13" CONTENT="noordkaap" WC="0.39" CC="647066797"/>
					</TextLine>
					<TextLine ID="P331_TL00020" HPOS="925" VPOS="519" WIDTH="692" HEIGHT="24">
						<String ID="P331_ST00185" HPOS="925" VPOS="526" WIDTH="9" HEIGHT="8" CONTENT="»" WC="0.86" CC="1"/>
						<SP ID="P331_SP00163" HPOS="934" VPOS="534" WIDTH="40"/>
						<String ID="P331_ST00186" HPOS="974" VPOS="519" WIDTH="49" HEIGHT="17" CONTENT="1545" WC="0.39" CC="9607"/>
						<SP ID="P331_SP00164" HPOS="1023" VPOS="536" WIDTH="10"/>
						<String ID="P331_ST00187" HPOS="1033" VPOS="521" WIDTH="36" HEIGHT="16" CONTENT="kol." WC="0.43" CC="6654"/>
						<SP ID="P331_SP00165" HPOS="1069" VPOS="537" WIDTH="14"/>
						<String ID="P331_ST00188" HPOS="1083" VPOS="520" WIDTH="12" HEIGHT="16" CONTENT="2" WC="0.01" CC="9"/>
						<SP ID="P331_SP00166" HPOS="1095" VPOS="537" WIDTH="12"/>
						<String ID="P331_ST00189" HPOS="1107" VPOS="526" WIDTH="38" HEIGHT="15" CONTENT="reg." WC="0.75" CC="0504"/>
						<SP ID="P331_SP00167" HPOS="1145" VPOS="541" WIDTH="14"/>
						<String ID="P331_ST00190" HPOS="1159" VPOS="520" WIDTH="21" HEIGHT="17" CONTENT="51" WC="0.26" CC="77"/>
						<SP ID="P331_SP00168" HPOS="1180" VPOS="541" WIDTH="9"/>
						<String ID="P331_ST00191" HPOS="1189" VPOS="533" WIDTH="4" HEIGHT="9" CONTENT="," WC="0.56" CC="4"/>
						<SP ID="P331_SP00169" HPOS="1193" VPOS="542" WIDTH="13"/>
						<String ID="P331_ST00192" HPOS="1206" VPOS="527" WIDTH="42" HEIGHT="16" CONTENT="voeg" WC="0.33" CC="5199"/>
						<SP ID="P331_SP00170" HPOS="1248" VPOS="543" WIDTH="12"/>
						<String ID="P331_ST00193" HPOS="1260" VPOS="521" WIDTH="30" HEIGHT="21" CONTENT="bij-." WC="0.60" CC="60444"/>
						<SP ID="P331_SP00171" HPOS="1290" VPOS="543" WIDTH="18"/>
						<String ID="P331_ST00194" HPOS="1308" VPOS="521" WIDTH="72" HEIGHT="21" CONTENT="Koning" WC="0.54" CC="607607"/>
						<SP ID="P331_SP00172" HPOS="1380" VPOS="543" WIDTH="12"/>
						<String ID="P331_ST00195" HPOS="1392" VPOS="526" WIDTH="112" HEIGHT="13" CONTENT="christiaan" WC="0.38" CC="5678166099"/>
						<SP ID="P331_SP00173" HPOS="1504" VPOS="543" WIDTH="11"/>
						<String ID="P331_ST00196" HPOS="1515" VPOS="526" WIDTH="34" HEIGHT="12" CONTENT="vni" WC="0.16" CC="977"/>
						<SP ID="P331_SP00174" HPOS="1549" VPOS="543" WIDTH="19"/>
						<String ID="P331_ST00197" HPOS="1568" VPOS="526" WIDTH="49" HEIGHT="11" CONTENT="over" SUBS_TYPE="HypPart1" SUBS_CONTENT="overleed" WC="0.26" CC="58785"/>
						<HYP CONTENT="-"/>
					</TextLine>
					<TextLine ID="P331_TL00021" HPOS="902" VPOS="548" WIDTH="718" HEIGHT="26">
						<String ID="P331_ST00198" HPOS="902" VPOS="551" WIDTH="38" HEIGHT="18" CONTENT="leed" SUBS_TYPE="HypPart2" SUBS_CONTENT="overleed" WC="0.21" CC="8589"/>
						<SP ID="P331_SP00175" HPOS="940" VPOS="569" WIDTH="17"/>
						<String ID="P331_ST00199" HPOS="957" VPOS="552" WIDTH="34" HEIGHT="14" CONTENT="den" WC="0.22" CC="967"/>
						<SP ID="P331_SP00176" HPOS="991" VPOS="569" WIDTH="15"/>
						<String ID="P331_ST00200" HPOS="1006" VPOS="548" WIDTH="26" HEIGHT="18" CONTENT="20" WC="0.63" CC="07"/>
						<SP ID="P331_SP00177" HPOS="1032" VPOS="569" WIDTH="12"/>
						<String ID="P331_ST00201" HPOS="1044" VPOS="549" WIDTH="78" HEIGHT="21" CONTENT="Jaouarl]" WC="0.43" CC="39865407"/>
						<SP ID="P331_SP00178" HPOS="1122" VPOS="570" WIDTH="12"/>
						<String ID="P331_ST00202" HPOS="1134" VPOS="550" WIDTH="61" HEIGHT="22" CONTENT="1848," WC="0.47" CC="05974"/>
						<SP ID="P331_SP00179" HPOS="1195" VPOS="572" WIDTH="13"/>
						<String ID="P331_ST00203" HPOS="1208" VPOS="558" WIDTH="21" HEIGHT="10" CONTENT="na" WC="0.36" CC="75"/>
						<SP ID="P331_SP00180" HPOS="1229" VPOS="572" WIDTH="13"/>
						<String ID="P331_ST00204" HPOS="1242" VPOS="557" WIDTH="41" HEIGHT="11" CONTENT="eene" WC="0.66" CC="4170"/>
						<SP ID="P331_SP00181" HPOS="1283" VPOS="572" WIDTH="12"/>
						<String ID="P331_ST00205" HPOS="1295" VPOS="555" WIDTH="80" HEIGHT="18" CONTENT="regering" WC="0.44" CC="56070679"/>
						<SP ID="P331_SP00182" HPOS="1375" VPOS="573" WIDTH="11"/>
						<String ID="P331_ST00206" HPOS="1386" VPOS="559" WIDTH="33" HEIGHT="11" CONTENT="van" WC="0.19" CC="868"/>
						<SP ID="P331_SP00183" HPOS="1419" VPOS="573" WIDTH="11"/>
						<String ID="P331_ST00207" HPOS="1430" VPOS="556" WIDTH="45" HEIGHT="14" CONTENT="ruim" WC="0.31" CC="5857"/>
						<SP ID="P331_SP00184" HPOS="1475" VPOS="573" WIDTH="12"/>
						<String ID="P331_ST00208" HPOS="1487" VPOS="552" WIDTH="12" HEIGHT="18" CONTENT="8" WC="0.26" CC="7"/>
						<SP ID="P331_SP00185" HPOS="1499" VPOS="573" WIDTH="9"/>
						<String ID="P331_ST00209" HPOS="1508" VPOS="554" WIDTH="56" HEIGHT="20" CONTENT="Jaren," WC="0.36" CC="875664"/>
						<SP ID="P331_SP00186" HPOS="1564" VPOS="574" WIDTH="8"/>
						<String ID="P331_ST00210" HPOS="1572" VPOS="557" WIDTH="21" HEIGHT="11" CONTENT="en" WC="0.36" CC="56"/>
						<SP ID="P331_SP00187" HPOS="1593" VPOS="574" WIDTH="11"/>
						<String ID="P331_ST00211" HPOS="1604" VPOS="553" WIDTH="16" HEIGHT="15" CONTENT="is" WC="0.48" CC="63"/>
					</TextLine>
					<TextLine ID="P331_TL00022" HPOS="903" VPOS="581" WIDTH="476" HEIGHT="20">
						<String ID="P331_ST00212" HPOS="903" VPOS="582" WIDTH="40" HEIGHT="14" CONTENT="toen" WC="0.27" CC="9629"/>
						<SP ID="P331_SP00188" HPOS="943" VPOS="596" WIDTH="11"/>
						<String ID="P331_ST00213" HPOS="954" VPOS="581" WIDTH="96" HEIGHT="20" CONTENT="opgevolgd" WC="0.42" CC="757387074"/>
						<SP ID="P331_SP00189" HPOS="1050" VPOS="601" WIDTH="11"/>
						<String ID="P331_ST00214" HPOS="1061" VPOS="581" WIDTH="44" HEIGHT="16" CONTENT="door" WC="0.45" CC="7625"/>
						<SP ID="P331_SP00190" HPOS="1105" VPOS="601" WIDTH="12"/>
						<String ID="P331_ST00215" HPOS="1117" VPOS="583" WIDTH="56" HEIGHT="18" CONTENT="zijnen" WC="0.37" CC="780767"/>
						<SP ID="P331_SP00191" HPOS="1173" VPOS="601" WIDTH="12"/>
						<String ID="P331_ST00216" HPOS="1185" VPOS="586" WIDTH="43" HEIGHT="12" CONTENT="zoon" WC="0.36" CC="7467"/>
						<SP ID="P331_SP00192" HPOS="1228" VPOS="601" WIDTH="12"/>
						<String ID="P331_ST00217" HPOS="1240" VPOS="586" WIDTH="92" HEIGHT="13" CONTENT="frederik" WC="0.45" CC="60076778"/>
						<SP ID="P331_SP00193" HPOS="1332" VPOS="601" WIDTH="13"/>
						<String ID="P331_ST00218" HPOS="1345" VPOS="586" WIDTH="34" HEIGHT="14" CONTENT="vu." WC="0.38" CC="783"/>
					</TextLine>
				</TextBlock>
				<TextBlock ID="P331_TB00004" HPOS="615" VPOS="1198" WIDTH="520" HEIGHT="27" STYLEREFS="TXT_1 PAR_CENTER">
					<TextLine ID="P331_TL00023" HPOS="616" VPOS="1198" WIDTH="519" HEIGHT="27">
						<String ID="P331_ST00219" HPOS="616" VPOS="1198" WIDTH="130" HEIGHT="27" CONTENT="Berigt" WC="0.57" CC="900096"/>
						<SP ID="P331_SP00194" HPOS="746" VPOS="1225" WIDTH="24"/>
						<String ID="P331_ST00220" HPOS="770" VPOS="1205" WIDTH="89" HEIGHT="16" CONTENT="voor" WC="0.85" CC="5000"/>
						<SP ID="P331_SP00195" HPOS="859" VPOS="1225" WIDTH="27"/>
						<String ID="P331_ST00221" HPOS="886" VPOS="1200" WIDTH="72" HEIGHT="21" CONTENT="den" WC="0.67" CC="009"/>
						<SP ID="P331_SP00196" HPOS="958" VPOS="1225" WIDTH="25"/>
						<String ID="P331_ST00222" HPOS="983" VPOS="1198" WIDTH="152" HEIGHT="25" CONTENT="Binder." WC="0.68" CC="7090004"/>
					</TextLine>
				</TextBlock>
				<TextBlock ID="P331_TB00005" HPOS="194" VPOS="1289" WIDTH="1203" HEIGHT="31" STYLEREFS="TXT_0 PAR_LEFT">
					<TextLine ID="P331_TL00024" HPOS="194" VPOS="1289" WIDTH="1203" HEIGHT="31">
						<String ID="P331_ST00223" HPOS="194" VPOS="1291" WIDTH="52" HEIGHT="23" CONTENT="Het" WC="0.55" CC="607"/>
						<SP ID="P331_SP00197" HPOS="246" VPOS="1314" WIDTH="17"/>
						<String ID="P331_ST00224" HPOS="263" VPOS="1289" WIDTH="113" HEIGHT="25" CONTENT="ZESDE" WC="0.78" CC="00640"/>
						<SP ID="P331_SP00198" HPOS="376" VPOS="1314" WIDTH="19"/>
						<String ID="P331_ST00225" HPOS="395" VPOS="1289" WIDTH="96" HEIGHT="23" CONTENT="DEEL" WC="0.86" CC="0005"/>
						<SP ID="P331_SP00199" HPOS="491" VPOS="1314" WIDTH="18"/>
						<String ID="P331_ST00226" HPOS="509" VPOS="1289" WIDTH="49" HEIGHT="24" CONTENT="kan" WC="0.81" CC="022"/>
						<SP ID="P331_SP00200" HPOS="558" VPOS="1314" WIDTH="19"/>
						<String ID="P331_ST00227" HPOS="577" VPOS="1298" WIDTH="61" HEIGHT="15" CONTENT="naar" WC="0.83" CC="4100"/>
						<SP ID="P331_SP00201" HPOS="638" VPOS="1314" WIDTH="17"/>
						<String ID="P331_ST00228" HPOS="655" VPOS="1290" WIDTH="143" HEIGHT="30" CONTENT="verkiezing" WC="0.61" CC="6170500438"/>
						<SP ID="P331_SP00202" HPOS="798" VPOS="1320" WIDTH="17"/>
						<String ID="P331_ST00229" HPOS="815" VPOS="1289" WIDTH="131" HEIGHT="31" CONTENT="gebonden" WC="0.51" CC="60909704"/>
						<SP ID="P331_SP00203" HPOS="946" VPOS="1320" WIDTH="17"/>
						<String ID="P331_ST00230" HPOS="963" VPOS="1291" WIDTH="102" HEIGHT="24" CONTENT="worden" WC="0.55" CC="603726"/>
						<SP ID="P331_SP00204" HPOS="1065" VPOS="1320" WIDTH="18"/>
						<String ID="P331_ST00231" HPOS="1083" VPOS="1292" WIDTH="24" HEIGHT="22" CONTENT="in" WC="0.70" CC="50"/>
						<SP ID="P331_SP00205" HPOS="1107" VPOS="1320" WIDTH="18"/>
						<String ID="P331_ST00232" HPOS="1125" VPOS="1292" WIDTH="41" HEIGHT="23" CONTENT="één" WC="0.19" CC="779"/>
						<SP ID="P331_SP00206" HPOS="1166" VPOS="1320" WIDTH="18"/>
						<String ID="P331_ST00233" HPOS="1184" VPOS="1293" WIDTH="28" HEIGHT="24" CONTENT="of" WC="0.94" CC="01"/>
						<SP ID="P331_SP00207" HPOS="1212" VPOS="1320" WIDTH="14"/>
						<String ID="P331_ST00234" HPOS="1226" VPOS="1293" WIDTH="50" HEIGHT="24" CONTENT="drie" WC="0.52" CC="9054"/>
						<SP ID="P331_SP00208" HPOS="1276" VPOS="1320" WIDTH="17"/>
						<String ID="P331_ST00235" HPOS="1293" VPOS="1294" WIDTH="104" HEIGHT="25" CONTENT="banden." WC="0.48" CC="2886360"/>
					</TextLine>
				</TextBlock>
				<TextBlock ID="P331_TB00006" HPOS="193" VPOS="1370" WIDTH="1232" HEIGHT="34" STYLEREFS="TXT_0 PAR_LEFT">
					<TextLine ID="P331_TL00025" HPOS="193" VPOS="1370" WIDTH="1232" HEIGHT="34">
						<String ID="P331_ST00236" HPOS="193" VPOS="1372" WIDTH="53" HEIGHT="24" CONTENT="Het" WC="0.78" CC="510"/>
						<SP ID="P331_SP00209" HPOS="246" VPOS="1396" WIDTH="16"/>
						<String ID="P331_ST00237" HPOS="262" VPOS="1371" WIDTH="105" HEIGHT="24" CONTENT="Eerste" WC="0.59" CC="266530"/>
						<SP ID="P331_SP00210" HPOS="367" VPOS="1396" WIDTH="18"/>
						<String ID="P331_ST00238" HPOS="385" VPOS="1370" WIDTH="71" HEIGHT="25" CONTENT="Stuk" WC="0.67" CC="6303"/>
						<SP ID="P331_SP00211" HPOS="456" VPOS="1396" WIDTH="20"/>
						<String ID="P331_ST00239" HPOS="476" VPOS="1372" WIDTH="74" HEIGHT="23" CONTENT="bevat" WC="0.54" CC="60609"/>
						<SP ID="P331_SP00212" HPOS="550" VPOS="1396" WIDTH="17"/>
						<String ID="P331_ST00240" HPOS="567" VPOS="1372" WIDTH="60" HEIGHT="24" CONTENT="blad" WC="0.75" CC="0450"/>
						<SP ID="P331_SP00213" HPOS="627" VPOS="1396" WIDTH="19"/>
						<String ID="P331_ST00241" HPOS="646" VPOS="1373" WIDTH="16" HEIGHT="23" CONTENT="L" WC="0.24" CC="7"/>
						<String ID="P331_ST00242" HPOS="662" VPOS="1386" WIDTH="30" HEIGHT="4" CONTENT="—" WC="0.20" CC="8"/>
						<String ID="P331_ST00243" HPOS="695" VPOS="1372" WIDTH="42" HEIGHT="30" CONTENT="69," WC="0.94" CC="010"/>
						<SP ID="P331_SP00214" HPOS="737" VPOS="1402" WIDTH="20"/>
						<String ID="P331_ST00244" HPOS="757" VPOS="1373" WIDTH="124" HEIGHT="23" CONTENT="benevens" WC="0.69" CC="00509071"/>
						<SP ID="P331_SP00215" HPOS="881" VPOS="1402" WIDTH="20"/>
						<String ID="P331_ST00245" HPOS="901" VPOS="1371" WIDTH="30" HEIGHT="23" CONTENT="de" WC="1.00" CC="00"/>
						<SP ID="P331_SP00216" HPOS="931" VPOS="1402" WIDTH="16"/>
						<String ID="P331_ST00246" HPOS="947" VPOS="1372" WIDTH="197" HEIGHT="31" CONTENT="registerbladen" WC="0.75" CC="40900004024016"/>
						<SP ID="P331_SP00217" HPOS="1144" VPOS="1403" WIDTH="17"/>
						<String ID="P331_ST00247" HPOS="1161" VPOS="1374" WIDTH="46" HEIGHT="23" CONTENT="VI." WC="0.83" CC="500"/>
						<SP ID="P331_SP00218" HPOS="1207" VPOS="1403" WIDTH="19"/>
						<String ID="P331_ST00248" HPOS="1226" VPOS="1376" WIDTH="20" HEIGHT="22" CONTENT="1." WC="1.00" CC="00"/>
						<SP ID="P331_SP00219" HPOS="1246" VPOS="1403" WIDTH="16"/>
						<String ID="P331_ST00249" HPOS="1262" VPOS="1384" WIDTH="27" HEIGHT="20" CONTENT="a," WC="0.59" CC="61"/>
						<SP ID="P331_SP00220" HPOS="1289" VPOS="1404" WIDTH="22"/>
						<String ID="P331_ST00250" HPOS="1311" VPOS="1376" WIDTH="28" HEIGHT="28" CONTENT="b," WC="0.53" CC="54"/>
						<SP ID="P331_SP00221" HPOS="1339" VPOS="1404" WIDTH="19"/>
						<String ID="P331_ST00251" HPOS="1358" VPOS="1385" WIDTH="27" HEIGHT="19" CONTENT="c," WC="0.56" CC="44"/>
						<SP ID="P331_SP00222" HPOS="1385" VPOS="1404" WIDTH="19"/>
						<String ID="P331_ST00252" HPOS="1404" VPOS="1377" WIDTH="21" HEIGHT="23" CONTENT="d." WC="0.81" CC="20"/>
					</TextLine>
				</TextBlock>
				<TextBlock ID="P331_TB00007" HPOS="193" VPOS="1419" WIDTH="1317" HEIGHT="32" STYLEREFS="TXT_0 PAR_CENTER">
					<TextLine ID="P331_TL00026" HPOS="193" VPOS="1419" WIDTH="1317" HEIGHT="32">
						<String ID="P331_ST00253" HPOS="193" VPOS="1419" WIDTH="39" HEIGHT="23" CONTENT="De" WC="0.83" CC="30"/>
						<SP ID="P331_SP00223" HPOS="232" VPOS="1442" WIDTH="10"/>
						<String ID="P331_ST00254" HPOS="242" VPOS="1419" WIDTH="73" HEIGHT="23" CONTENT="kaart" WC="0.78" CC="50040"/>
						<SP ID="P331_SP00224" HPOS="315" VPOS="1442" WIDTH="9"/>
						<String ID="P331_ST00255" HPOS="324" VPOS="1427" WIDTH="49" HEIGHT="14" CONTENT="van" WC="0.68" CC="503"/>
						<SP ID="P331_SP00225" HPOS="373" VPOS="1442" WIDTH="9"/>
						<String ID="P331_ST00256" HPOS="382" VPOS="1419" WIDTH="251" HEIGHT="31" CONTENT="Europisch-Turkije," WC="0.60" CC="060471743047705242"/>
						<SP ID="P331_SP00226" HPOS="633" VPOS="1450" WIDTH="16"/>
						<String ID="P331_ST00257" HPOS="649" VPOS="1419" WIDTH="165" HEIGHT="24" CONTENT="Griekenland" WC="0.63" CC="36625600502"/>
						<SP ID="P331_SP00227" HPOS="814" VPOS="1450" WIDTH="7"/>
						<String ID="P331_ST00258" HPOS="821" VPOS="1427" WIDTH="30" HEIGHT="15" CONTENT="en" WC="0.70" CC="05"/>
						<SP ID="P331_SP00228" HPOS="851" VPOS="1450" WIDTH="10"/>
						<String ID="P331_ST00259" HPOS="861" VPOS="1419" WIDTH="30" HEIGHT="23" CONTENT="de" WC="1.00" CC="00"/>
						<SP ID="P331_SP00229" HPOS="891" VPOS="1450" WIDTH="9"/>
						<String ID="P331_ST00260" HPOS="900" VPOS="1419" WIDTH="251" HEIGHT="30" CONTENT="lonische-Repuiliek" WC="0.61" CC="003045490009770079"/>
						<SP ID="P331_SP00230" HPOS="1151" VPOS="1450" WIDTH="11"/>
						<String ID="P331_ST00261" HPOS="1162" VPOS="1419" WIDTH="68" HEIGHT="24" CONTENT="komt" WC="0.82" CC="0015"/>
						<SP ID="P331_SP00231" HPOS="1230" VPOS="1450" WIDTH="12"/>
						<String ID="P331_ST00262" HPOS="1242" VPOS="1424" WIDTH="135" HEIGHT="27" CONTENT="tegenover" WC="0.86" CC="000006203"/>
						<SP ID="P331_SP00232" HPOS="1377" VPOS="1451" WIDTH="12"/>
						<String ID="P331_ST00263" HPOS="1389" VPOS="1422" WIDTH="81" HEIGHT="24" CONTENT="bladz." WC="0.80" CC="040033"/>
						<SP ID="P331_SP00233" HPOS="1470" VPOS="1451" WIDTH="30"/>
						<String ID="P331_ST00264" HPOS="1500" VPOS="1423" WIDTH="10" HEIGHT="23" CONTENT="1" WC="1.00" CC="0"/>
					</TextLine>
				</TextBlock>
				<TextBlock ID="P331_TB00008" HPOS="193" VPOS="1464" WIDTH="1319" HEIGHT="33" STYLEREFS="TXT_0 PAR_CENTER">
					<TextLine ID="P331_TL00027" HPOS="193" VPOS="1464" WIDTH="1319" HEIGHT="33">
						<String ID="P331_ST00265" HPOS="193" VPOS="1467" WIDTH="40" HEIGHT="23" CONTENT="De" WC="0.72" CC="41"/>
						<SP ID="P331_SP00234" HPOS="233" VPOS="1490" WIDTH="17"/>
						<String ID="P331_ST00266" HPOS="250" VPOS="1466" WIDTH="73" HEIGHT="24" CONTENT="kaart" WC="0.77" CC="08030"/>
						<SP ID="P331_SP00235" HPOS="323" VPOS="1490" WIDTH="17"/>
						<String ID="P331_ST00267" HPOS="340" VPOS="1474" WIDTH="49" HEIGHT="14" CONTENT="van" WC="0.57" CC="066"/>
						<SP ID="P331_SP00236" HPOS="389" VPOS="1490" WIDTH="19"/>
						<String ID="P331_ST00268" HPOS="408" VPOS="1464" WIDTH="92" HEIGHT="25" CONTENT="Galicië" WC="0.80" CC="0005601"/>
						<SP ID="P331_SP00237" HPOS="500" VPOS="1490" WIDTH="16"/>
						<String ID="P331_ST00269" HPOS="516" VPOS="1474" WIDTH="30" HEIGHT="15" CONTENT="en" WC="1.00" CC="00"/>
						<SP ID="P331_SP00238" HPOS="546" VPOS="1490" WIDTH="19"/>
						<String ID="P331_ST00270" HPOS="565" VPOS="1466" WIDTH="29" HEIGHT="23" CONTENT="de" WC="0.97" CC="00"/>
						<SP ID="P331_SP00239" HPOS="594" VPOS="1490" WIDTH="19"/>
						<String ID="P331_ST00271" HPOS="613" VPOS="1466" WIDTH="173" HEIGHT="31" CONTENT="Hongaarsche" WC="0.56" CC="69070602365"/>
						<SP ID="P331_SP00240" HPOS="786" VPOS="1497" WIDTH="17"/>
						<String ID="P331_ST00272" HPOS="803" VPOS="1467" WIDTH="104" HEIGHT="23" CONTENT="Landen" WC="0.53" CC="802672"/>
						<SP ID="P331_SP00241" HPOS="907" VPOS="1497" WIDTH="399"/>
						<String ID="P331_ST00273" HPOS="1306" VPOS="1486" WIDTH="15" HEIGHT="11" CONTENT="„" WC="0.30" CC="6"/>
						<SP ID="P331_SP00242" HPOS="1321" VPOS="1497" WIDTH="97"/>
						<String ID="P331_ST00274" HPOS="1418" VPOS="1487" WIDTH="14" HEIGHT="10" CONTENT="J;" WC="0.32" CC="67"/>
						<SP ID="P331_SP00243" HPOS="1432" VPOS="1497" WIDTH="34"/>
						<String ID="P331_ST00275" HPOS="1466" VPOS="1469" WIDTH="46" HEIGHT="23" CONTENT="294" WC="0.50" CC="806"/>
					</TextLine>
				</TextBlock>
				<TextBlock ID="P331_TB00009" HPOS="193" VPOS="1512" WIDTH="1319" HEIGHT="32" STYLEREFS="TXT_0 PAR_CENTER">
					<TextLine ID="P331_TL00028" HPOS="193" VPOS="1512" WIDTH="1319" HEIGHT="32">
						<String ID="P331_ST00276" HPOS="193" VPOS="1514" WIDTH="40" HEIGHT="23" CONTENT="De" WC="0.67" CC="60"/>
						<SP ID="P331_SP00244" HPOS="233" VPOS="1537" WIDTH="17"/>
						<String ID="P331_ST00277" HPOS="250" VPOS="1514" WIDTH="73" HEIGHT="23" CONTENT="kaart" WC="0.66" CC="28230"/>
						<SP ID="P331_SP00245" HPOS="323" VPOS="1537" WIDTH="17"/>
						<String ID="P331_ST00278" HPOS="340" VPOS="1520" WIDTH="49" HEIGHT="15" CONTENT="van" WC="0.63" CC="604"/>
						<SP ID="P331_SP00246" HPOS="389" VPOS="1537" WIDTH="21"/>
						<String ID="P331_ST00279" HPOS="410" VPOS="1512" WIDTH="105" HEIGHT="24" CONTENT="Oost-en-" WC="0.66" CC="50732620"/>
						<SP ID="P331_SP00247" HPOS="515" VPOS="1537" WIDTH="7"/>
						<String ID="P331_ST00280" HPOS="522" VPOS="1513" WIDTH="319" HEIGHT="24" CONTENT="West-Pruissen-en-Posen" WC="0.67" CC="2167170242403006051434"/>
						<String ID="P331_ST00281" HPOS="850" VPOS="1531" WIDTH="6" HEIGHT="12" CONTENT="," WC="1.00" CC="0"/>
						<SP ID="P331_SP00248" HPOS="856" VPOS="1543" WIDTH="18"/>
						<String ID="P331_ST00282" HPOS="874" VPOS="1513" WIDTH="73" HEIGHT="23" CONTENT="Polen" WC="0.57" CC="70715"/>
						<SP ID="P331_SP00249" HPOS="947" VPOS="1543" WIDTH="18"/>
						<String ID="P331_ST00283" HPOS="965" VPOS="1520" WIDTH="30" HEIGHT="16" CONTENT="en" WC="0.73" CC="05"/>
						<SP ID="P331_SP00250" HPOS="995" VPOS="1543" WIDTH="18"/>
						<String ID="P331_ST00284" HPOS="1013" VPOS="1513" WIDTH="100" HEIGHT="23" CONTENT="Krakau" WC="0.69" CC="000566"/>
						<SP ID="P331_SP00251" HPOS="1113" VPOS="1543" WIDTH="42"/>
						<String ID="P331_ST00285" HPOS="1155" VPOS="1531" WIDTH="85" HEIGHT="7" CONTENT="..." WC="1.00" CC="000"/>
						<SP ID="P331_SP00252" HPOS="1240" VPOS="1543" WIDTH="66"/>
						<String ID="P331_ST00286" HPOS="1306" VPOS="1533" WIDTH="16" HEIGHT="11" CONTENT="„" WC="1.00" CC="0"/>
						<SP ID="P331_SP00253" HPOS="1322" VPOS="1544" WIDTH="97"/>
						<String ID="P331_ST00287" HPOS="1419" VPOS="1533" WIDTH="14" HEIGHT="11" CONTENT="„" WC="0.97" CC="0"/>
						<SP ID="P331_SP00254" HPOS="1433" VPOS="1544" WIDTH="35"/>
						<String ID="P331_ST00288" HPOS="1468" VPOS="1515" WIDTH="44" HEIGHT="25" CONTENT="506" WC="0.60" CC="343"/>
					</TextLine>
				</TextBlock>
				<TextBlock ID="P331_TB00010" HPOS="193" VPOS="1595" WIDTH="1132" HEIGHT="30" STYLEREFS="TXT_0 PAR_LEFT">
					<TextLine ID="P331_TL00029" HPOS="193" VPOS="1595" WIDTH="1132" HEIGHT="30">
						<String ID="P331_ST00289" HPOS="193" VPOS="1597" WIDTH="53" HEIGHT="24" CONTENT="Het" WC="0.91" CC="002"/>
						<SP ID="P331_SP00255" HPOS="246" VPOS="1621" WIDTH="12"/>
						<String ID="P331_ST00290" HPOS="258" VPOS="1597" WIDTH="121" HEIGHT="23" CONTENT="Tweede" WC="0.65" CC="006373"/>
						<SP ID="P331_SP00256" HPOS="379" VPOS="1621" WIDTH="11"/>
						<String ID="P331_ST00291" HPOS="390" VPOS="1595" WIDTH="70" HEIGHT="24" CONTENT="Stuk" WC="0.36" CC="7485"/>
						<SP ID="P331_SP00257" HPOS="460" VPOS="1621" WIDTH="9"/>
						<String ID="P331_ST00292" HPOS="469" VPOS="1596" WIDTH="76" HEIGHT="23" CONTENT="bevat" WC="1.00" CC="00000"/>
						<SP ID="P331_SP00258" HPOS="545" VPOS="1621" WIDTH="11"/>
						<String ID="P331_ST00293" HPOS="556" VPOS="1596" WIDTH="60" HEIGHT="24" CONTENT="blad" WC="0.74" CC="0360"/>
						<SP ID="P331_SP00259" HPOS="616" VPOS="1621" WIDTH="14"/>
						<String ID="P331_ST00294" HPOS="630" VPOS="1597" WIDTH="30" HEIGHT="23" CONTENT="70" WC="0.83" CC="02"/>
						<String ID="P331_ST00295" HPOS="661" VPOS="1611" WIDTH="31" HEIGHT="2" CONTENT="—" WC="0.20" CC="8"/>
						<String ID="P331_ST00296" HPOS="695" VPOS="1597" WIDTH="44" HEIGHT="23" CONTENT="159" WC="1.00" CC="000"/>
						<SP ID="P331_SP00260" HPOS="739" VPOS="1621" WIDTH="15"/>
						<String ID="P331_ST00297" HPOS="754" VPOS="1597" WIDTH="124" HEIGHT="23" CONTENT="benevens" WC="0.81" CC="00300075"/>
						<SP ID="P331_SP00261" HPOS="878" VPOS="1621" WIDTH="19"/>
						<String ID="P331_ST00298" HPOS="897" VPOS="1596" WIDTH="29" HEIGHT="23" CONTENT="de" WC="0.48" CC="64"/>
						<SP ID="P331_SP00262" HPOS="926" VPOS="1621" WIDTH="18"/>
						<String ID="P331_ST00299" HPOS="944" VPOS="1595" WIDTH="196" HEIGHT="30" CONTENT="registerbladen" WC="0.79" CC="50061000256000"/>
						<SP ID="P331_SP00263" HPOS="1140" VPOS="1625" WIDTH="19"/>
						<String ID="P331_ST00300" HPOS="1159" VPOS="1596" WIDTH="46" HEIGHT="23" CONTENT="VI." WC="1.00" CC="000"/>
						<SP ID="P331_SP00264" HPOS="1205" VPOS="1625" WIDTH="18"/>
						<String ID="P331_ST00301" HPOS="1223" VPOS="1596" WIDTH="22" HEIGHT="23" CONTENT="2." WC="1.00" CC="00"/>
						<SP ID="P331_SP00265" HPOS="1245" VPOS="1625" WIDTH="18"/>
						<String ID="P331_ST00302" HPOS="1263" VPOS="1605" WIDTH="22" HEIGHT="20" CONTENT="a," WC="0.91" CC="01"/>
						<SP ID="P331_SP00266" HPOS="1285" VPOS="1625" WIDTH="21"/>
						<String ID="P331_ST00303" HPOS="1306" VPOS="1597" WIDTH="19" HEIGHT="28" CONTENT="b," WC="0.60" CC="70"/>
					</TextLine>
				</TextBlock>
				<TextBlock ID="P331_TB00011" HPOS="193" VPOS="1641" WIDTH="1320" HEIGHT="33" STYLEREFS="TXT_0 PAR_CENTER">
					<TextLine ID="P331_TL00030" HPOS="194" VPOS="1641" WIDTH="1319" HEIGHT="33">
						<String ID="P331_ST00304" HPOS="194" VPOS="1643" WIDTH="40" HEIGHT="23" CONTENT="De" WC="1.00" CC="00"/>
						<SP ID="P331_SP00267" HPOS="234" VPOS="1666" WIDTH="17"/>
						<String ID="P331_ST00305" HPOS="251" VPOS="1642" WIDTH="74" HEIGHT="23" CONTENT="kaart" WC="0.69" CC="08006"/>
						<SP ID="P331_SP00268" HPOS="325" VPOS="1666" WIDTH="17"/>
						<String ID="P331_ST00306" HPOS="342" VPOS="1649" WIDTH="49" HEIGHT="16" CONTENT="van" WC="0.77" CC="006"/>
						<SP ID="P331_SP00269" HPOS="391" VPOS="1666" WIDTH="17"/>
						<String ID="P331_ST00307" HPOS="408" VPOS="1641" WIDTH="261" HEIGHT="32" CONTENT="Europisch-Rusland" WC="0.59" CC="07009063755069060"/>
						<SP ID="P331_SP00270" HPOS="669" VPOS="1673" WIDTH="15"/>
						<String ID="P331_ST00308" HPOS="684" VPOS="1643" WIDTH="69" HEIGHT="24" CONTENT="komt" WC="0.74" CC="0360"/>
						<SP ID="P331_SP00271" HPOS="753" VPOS="1673" WIDTH="17"/>
						<String ID="P331_ST00309" HPOS="770" VPOS="1646" WIDTH="135" HEIGHT="28" CONTENT="tegenover" WC="0.64" CC="460470900"/>
						<SP ID="P331_SP00272" HPOS="905" VPOS="1674" WIDTH="516"/>
						<String ID="P331_ST00310" HPOS="1421" VPOS="1662" WIDTH="14" HEIGHT="12" CONTENT="„" WC="0.38" CC="6"/>
						<SP ID="P331_SP00273" HPOS="1435" VPOS="1674" WIDTH="34"/>
						<String ID="P331_ST00311" HPOS="1469" VPOS="1645" WIDTH="44" HEIGHT="24" CONTENT="553" WC="0.43" CC="546"/>
					</TextLine>
				</TextBlock>
				<TextBlock ID="P331_TB00012" HPOS="194" VPOS="1722" WIDTH="1165" HEIGHT="31" STYLEREFS="TXT_0 PAR_LEFT">
					<TextLine ID="P331_TL00031" HPOS="194" VPOS="1723" WIDTH="1165" HEIGHT="30">
						<String ID="P331_ST00312" HPOS="194" VPOS="1725" WIDTH="52" HEIGHT="24" CONTENT="Het" WC="1.00" CC="000"/>
						<SP ID="P331_SP00274" HPOS="246" VPOS="1749" WIDTH="17"/>
						<String ID="P331_ST00313" HPOS="263" VPOS="1724" WIDTH="96" HEIGHT="24" CONTENT="Derde" WC="0.72" CC="00760"/>
						<SP ID="P331_SP00275" HPOS="359" VPOS="1749" WIDTH="19"/>
						<String ID="P331_ST00314" HPOS="378" VPOS="1723" WIDTH="70" HEIGHT="25" CONTENT="Stuk" WC="0.35" CC="5685"/>
						<SP ID="P331_SP00276" HPOS="448" VPOS="1749" WIDTH="18"/>
						<String ID="P331_ST00315" HPOS="466" VPOS="1724" WIDTH="76" HEIGHT="23" CONTENT="bevat" WC="0.85" CC="00042"/>
						<SP ID="P331_SP00277" HPOS="542" VPOS="1749" WIDTH="17"/>
						<String ID="P331_ST00316" HPOS="559" VPOS="1724" WIDTH="60" HEIGHT="24" CONTENT="blad" WC="0.82" CC="0105"/>
						<SP ID="P331_SP00278" HPOS="619" VPOS="1749" WIDTH="19"/>
						<String ID="P331_ST00317" HPOS="638" VPOS="1725" WIDTH="48" HEIGHT="23" CONTENT="160" WC="0.73" CC="016"/>
						<String ID="P331_ST00318" HPOS="688" VPOS="1738" WIDTH="29" HEIGHT="3" CONTENT="—" WC="0.20" CC="8"/>
						<String ID="P331_ST00319" HPOS="721" VPOS="1725" WIDTH="47" HEIGHT="24" CONTENT="198" WC="0.64" CC="162"/>
						<SP ID="P331_SP00279" HPOS="768" VPOS="1749" WIDTH="18"/>
						<String ID="P331_ST00320" HPOS="786" VPOS="1724" WIDTH="123" HEIGHT="25" CONTENT="benevens" WC="0.80" CC="04500006"/>
						<SP ID="P331_SP00280" HPOS="909" VPOS="1749" WIDTH="19"/>
						<String ID="P331_ST00321" HPOS="928" VPOS="1723" WIDTH="30" HEIGHT="23" CONTENT="de" WC="1.00" CC="00"/>
						<SP ID="P331_SP00281" HPOS="958" VPOS="1749" WIDTH="17"/>
						<String ID="P331_ST00322" HPOS="975" VPOS="1723" WIDTH="196" HEIGHT="30" CONTENT="registerbladen" WC="0.81" CC="32052302001006"/>
						<SP ID="P331_SP00282" HPOS="1171" VPOS="1753" WIDTH="19"/>
						<String ID="P331_ST00323" HPOS="1190" VPOS="1724" WIDTH="44" HEIGHT="24" CONTENT="VI." WC="1.00" CC="000"/>
						<SP ID="P331_SP00283" HPOS="1234" VPOS="1753" WIDTH="19"/>
						<String ID="P331_ST00324" HPOS="1253" VPOS="1724" WIDTH="22" HEIGHT="24" CONTENT="3." WC="0.54" CC="62"/>
						<SP ID="P331_SP00284" HPOS="1275" VPOS="1753" WIDTH="18"/>
						<String ID="P331_ST00325" HPOS="1293" VPOS="1734" WIDTH="28" HEIGHT="19" CONTENT="a," WC="0.79" CC="40"/>
						<SP ID="P331_SP00285" HPOS="1321" VPOS="1753" WIDTH="19"/>
						<String ID="P331_ST00326" HPOS="1340" VPOS="1726" WIDTH="19" HEIGHT="23" CONTENT="b." WC="0.35" CC="92"/>
					</TextLine>
				</TextBlock>
				<TextBlock ID="P331_TB00013" HPOS="194" VPOS="1772" WIDTH="1321" HEIGHT="31" STYLEREFS="TXT_0 PAR_CENTER">
					<TextLine ID="P331_TL00032" HPOS="194" VPOS="1772" WIDTH="1321" HEIGHT="31">
						<String ID="P331_ST00327" HPOS="194" VPOS="1773" WIDTH="41" HEIGHT="24" CONTENT="De" WC="0.63" CC="70"/>
						<SP ID="P331_SP00286" HPOS="235" VPOS="1797" WIDTH="21"/>
						<String ID="P331_ST00328" HPOS="256" VPOS="1773" WIDTH="73" HEIGHT="23" CONTENT="kaart" WC="0.78" CC="00046"/>
						<SP ID="P331_SP00287" HPOS="329" VPOS="1797" WIDTH="16"/>
						<String ID="P331_ST00329" HPOS="345" VPOS="1780" WIDTH="47" HEIGHT="15" CONTENT="van" WC="0.97" CC="000"/>
						<SP ID="P331_SP00288" HPOS="392" VPOS="1797" WIDTH="19"/>
						<String ID="P331_ST00330" HPOS="411" VPOS="1772" WIDTH="104" HEIGHT="23" CONTENT="Zweden" WC="0.46" CC="008958"/>
						<SP ID="P331_SP00289" HPOS="515" VPOS="1797" WIDTH="18"/>
						<String ID="P331_ST00331" HPOS="533" VPOS="1779" WIDTH="29" HEIGHT="16" CONTENT="en" WC="1.00" CC="00"/>
						<SP ID="P331_SP00290" HPOS="562" VPOS="1797" WIDTH="18"/>
						<String ID="P331_ST00332" HPOS="580" VPOS="1772" WIDTH="147" HEIGHT="31" CONTENT="Noorwegen" WC="0.60" CC="004016875"/>
						<SP ID="P331_SP00291" HPOS="727" VPOS="1803" WIDTH="17"/>
						<String ID="P331_ST00333" HPOS="744" VPOS="1773" WIDTH="72" HEIGHT="24" CONTENT="komt" WC="0.79" CC="0007"/>
						<SP ID="P331_SP00292" HPOS="816" VPOS="1803" WIDTH="15"/>
						<String ID="P331_ST00334" HPOS="831" VPOS="1776" WIDTH="134" HEIGHT="27" CONTENT="tegenover" WC="0.76" CC="200670003"/>
						<SP ID="P331_SP00293" HPOS="965" VPOS="1803" WIDTH="456"/>
						<String ID="P331_ST00335" HPOS="1421" VPOS="1789" WIDTH="14" HEIGHT="13" CONTENT="„" WC="0.48" CC="5"/>
						<SP ID="P331_SP00294" HPOS="1435" VPOS="1803" WIDTH="20"/>
						<String ID="P331_ST00336" HPOS="1455" VPOS="1773" WIDTH="60" HEIGHT="23" CONTENT="1282" WC="0.66" CC="3441"/>
					</TextLine>
				</TextBlock>
				<TextBlock ID="P331_TB00014" HPOS="194" VPOS="1817" WIDTH="1321" HEIGHT="32" STYLEREFS="TXT_0 PAR_CENTER">
					<TextLine ID="P331_TL00033" HPOS="195" VPOS="1817" WIDTH="1320" HEIGHT="32">
						<String ID="P331_ST00337" HPOS="195" VPOS="1818" WIDTH="40" HEIGHT="24" CONTENT="De" WC="0.66" CC="60"/>
						<SP ID="P331_SP00295" HPOS="235" VPOS="1842" WIDTH="17"/>
						<String ID="P331_ST00338" HPOS="252" VPOS="1818" WIDTH="72" HEIGHT="24" CONTENT="kaart" WC="0.47" CC="07666"/>
						<SP ID="P331_SP00296" HPOS="324" VPOS="1842" WIDTH="17"/>
						<String ID="P331_ST00339" HPOS="341" VPOS="1826" WIDTH="48" HEIGHT="16" CONTENT="van" WC="0.46" CC="096"/>
						<SP ID="P331_SP00297" HPOS="389" VPOS="1842" WIDTH="17"/>
						<String ID="P331_ST00340" HPOS="406" VPOS="1817" WIDTH="168" HEIGHT="25" CONTENT="Denemarken" WC="0.40" CC="3707790895"/>
						<SP ID="P331_SP00298" HPOS="574" VPOS="1842" WIDTH="327"/>
						<String ID="P331_ST00341" HPOS="901" VPOS="1836" WIDTH="14" HEIGHT="13" CONTENT="„" WC="1.00" CC="0"/>
						<SP ID="P331_SP00299" HPOS="915" VPOS="1849" WIDTH="506"/>
						<String ID="P331_ST00342" HPOS="1421" VPOS="1838" WIDTH="14" HEIGHT="11" CONTENT="„" WC="0.49" CC="5"/>
						<SP ID="P331_SP00300" HPOS="1435" VPOS="1849" WIDTH="20"/>
						<String ID="P331_ST00343" HPOS="1455" VPOS="1822" WIDTH="60" HEIGHT="23" CONTENT="1533" WC="0.67" CC="0066"/>
					</TextLine>
				</TextBlock>
			</PrintSpace>
		</Page>
	</Layout>
</alto>
