<?xml version="1.0" encoding="UTF-8"?>
<alto xmlns:xsi="http://www.w3.org/2001/XMLSchema-instance" xsi:noNamespaceSchemaLocation="http://www.bl.uk/schemas/alto/alto-1-4.xsd" xmlns:xlink="http://www.w3.org/1999/xlink">
	<Description>
		<MeasurementUnit>mm10</MeasurementUnit>
		<sourceImageInformation>
			<fileName>//head1/IN/2008-27/A0011786497.8/007428.jp2</fileName>
		</sourceImageInformation>
		<OCRProcessing ID="OCRPROCESSING_1">
			<preProcessingStep>
				<processingSoftware>
					<softwareCreator>CCS Content Conversion Specialists GmbH, Germany</softwareCreator>
					<softwareName>CCS docWORKS</softwareName>
					<softwareVersion>6.1-0.67</softwareVersion>
				</processingSoftware>
			</preProcessingStep>
			<ocrProcessingStep>
				<processingSoftware>
					<softwareCreator>ABBYY (BIT Software), Russia</softwareCreator>
					<softwareName>Finereader</softwareName>
				</processingSoftware>
			</ocrProcessingStep>
		</OCRProcessing>
	</Description>
	<Styles>
		<TextStyle ID="TXT_0" FONTSIZE="10" FONTFAMILY="Fraktur"/>
		<TextStyle ID="TXT_1" FONTSIZE="10" FONTFAMILY="Courier New"/>
		<TextStyle ID="TXT_2" FONTSIZE="9" FONTFAMILY="Courier New"/>
		<TextStyle ID="TXT_3" FONTSIZE="11" FONTFAMILY="Courier New"/>
		<ParagraphStyle ID="PAR_LEFT" ALIGN="Left"/>
		<ParagraphStyle ID="PAR_CENTER" ALIGN="Center"/>
	</Styles>
	<Layout>
		<Page ID="P224" PHYSICAL_IMG_NR="224" HEIGHT="2606" WIDTH="1656" PRINTED_IMG_NR="1486" POSITION="Left" ACCURACY="71.79">
			<TopMargin ID="P224_TM00001" HPOS="0" VPOS="0" WIDTH="1656" HEIGHT="97">
				<TextBlock ID="P224_TB00001" HPOS="81" VPOS="66" WIDTH="78" HEIGHT="29" STYLEREFS="TXT_0 PAR_LEFT">
					<TextLine ID="P224_TL00001" HPOS="81" VPOS="66" WIDTH="78" HEIGHT="29">
						<String ID="P224_ST00001" HPOS="81" VPOS="66" WIDTH="78" HEIGHT="29" CONTENT="1486" WC="0.98" CC="0000"/>
					</TextLine>
				</TextBlock>
				<TextBlock ID="P224_TB00002" HPOS="617" VPOS="63" WIDTH="437" HEIGHT="30" STYLEREFS="TXT_1 PAR_CENTER">
					<TextLine ID="P224_TL00002" HPOS="617" VPOS="65" WIDTH="437" HEIGHT="28">
						<String ID="P224_ST00002" HPOS="617" VPOS="65" WIDTH="72" HEIGHT="28" CONTENT="DE" WC="0.64" CC="70"/>
						<SP ID="P224_SP00001" HPOS="689" VPOS="93" WIDTH="42"/>
						<String ID="P224_ST00003" HPOS="731" VPOS="65" WIDTH="323" HEIGHT="28" CONTENT="AARDBOL-" WC="0.72" CC="00060464"/>
					</TextLine>
				</TextBlock>
			</TopMargin>
			<LeftMargin ID="P224_LM00001" HPOS="0" VPOS="97" WIDTH="64" HEIGHT="2353"/>
			<RightMargin ID="P224_RM00001" HPOS="1595" VPOS="97" WIDTH="61" HEIGHT="2353"/>
			<BottomMargin ID="P224_BM00001" HPOS="0" VPOS="2450" WIDTH="1656" HEIGHT="156"/>
			<PrintSpace ID="P224_PS00001" HPOS="64" VPOS="97" WIDTH="1531" HEIGHT="2353">
				<TextBlock ID="P224_TB00003" HPOS="77" VPOS="156" WIDTH="721" HEIGHT="112" STYLEREFS="TXT_2 PAR_LEFT">
					<TextLine ID="P224_TL00003" HPOS="79" VPOS="158" WIDTH="719" HEIGHT="32">
						<String ID="P224_ST00004" HPOS="79" VPOS="162" WIDTH="25" HEIGHT="23" CONTENT="in" WC="0.40" CC="91"/>
						<SP ID="P224_SP00002" HPOS="104" VPOS="185" WIDTH="23"/>
						<String ID="P224_ST00005" HPOS="127" VPOS="160" WIDTH="114" HEIGHT="30" CONTENT="sommige" WC="0.64" CC="4666000"/>
						<SP ID="P224_SP00003" HPOS="241" VPOS="190" WIDTH="23"/>
						<String ID="P224_ST00006" HPOS="264" VPOS="159" WIDTH="93" HEIGHT="24" CONTENT="streken" WC="0.87" CC="1030021"/>
						<SP ID="P224_SP00004" HPOS="357" VPOS="190" WIDTH="18"/>
						<String ID="P224_ST00007" HPOS="375" VPOS="159" WIDTH="24" HEIGHT="22" CONTENT="in" WC="0.70" CC="50"/>
						<SP ID="P224_SP00005" HPOS="399" VPOS="190" WIDTH="18"/>
						<String ID="P224_ST00008" HPOS="417" VPOS="158" WIDTH="39" HEIGHT="23" CONTENT="het" WC="0.65" CC="530"/>
						<SP ID="P224_SP00006" HPOS="456" VPOS="190" WIDTH="18"/>
						<String ID="P224_ST00009" HPOS="474" VPOS="158" WIDTH="82" HEIGHT="30" CONTENT="geheel" WC="0.52" CC="836044"/>
						<SP ID="P224_SP00007" HPOS="556" VPOS="190" WIDTH="18"/>
						<String ID="P224_ST00010" HPOS="574" VPOS="165" WIDTH="72" HEIGHT="24" CONTENT="geene" WC="0.79" CC="02520"/>
						<SP ID="P224_SP00008" HPOS="646" VPOS="190" WIDTH="19"/>
						<String ID="P224_ST00011" HPOS="665" VPOS="158" WIDTH="133" HEIGHT="30" CONTENT="herbergen" WC="0.77" CC="704001006"/>
					</TextLine>
					<TextLine ID="P224_TL00004" HPOS="77" VPOS="197" WIDTH="721" HEIGHT="34">
						<String ID="P224_ST00012" HPOS="77" VPOS="203" WIDTH="47" HEIGHT="28" CONTENT="zijn" WC="0.54" CC="7406"/>
						<String ID="P224_ST00013" HPOS="135" VPOS="219" WIDTH="6" HEIGHT="11" CONTENT="," WC="1.00" CC="0"/>
						<SP ID="P224_SP00009" HPOS="141" VPOS="231" WIDTH="24"/>
						<String ID="P224_ST00014" HPOS="165" VPOS="207" WIDTH="64" HEIGHT="16" CONTENT="waar" WC="0.93" CC="0110"/>
						<SP ID="P224_SP00010" HPOS="229" VPOS="231" WIDTH="21"/>
						<String ID="P224_ST00015" HPOS="250" VPOS="200" WIDTH="28" HEIGHT="30" CONTENT="zij" WC="0.75" CC="700"/>
						<SP ID="P224_SP00011" HPOS="278" VPOS="231" WIDTH="25"/>
						<String ID="P224_ST00016" HPOS="303" VPOS="200" WIDTH="80" HEIGHT="23" CONTENT="hunne" WC="0.71" CC="52060"/>
						<SP ID="P224_SP00012" HPOS="383" VPOS="231" WIDTH="24"/>
						<String ID="P224_ST00017" HPOS="407" VPOS="197" WIDTH="124" HEIGHT="25" CONTENT="behoeften" WC="0.53" CC="306526627"/>
						<SP ID="P224_SP00013" HPOS="531" VPOS="231" WIDTH="19"/>
						<String ID="P224_ST00018" HPOS="550" VPOS="206" WIDTH="57" HEIGHT="16" CONTENT="voor" WC="0.63" CC="0563"/>
						<SP ID="P224_SP00014" HPOS="607" VPOS="231" WIDTH="18"/>
						<String ID="P224_ST00019" HPOS="625" VPOS="198" WIDTH="54" HEIGHT="30" CONTENT="geld" WC="0.94" CC="0200"/>
						<SP ID="P224_SP00015" HPOS="679" VPOS="231" WIDTH="24"/>
						<String ID="P224_ST00020" HPOS="703" VPOS="197" WIDTH="95" HEIGHT="25" CONTENT="kunnen" WC="0.63" CC="054407"/>
					</TextLine>
					<TextLine ID="P224_TL00005" HPOS="80" VPOS="241" WIDTH="153" HEIGHT="27">
						<String ID="P224_ST00021" HPOS="80" VPOS="241" WIDTH="153" HEIGHT="27" CONTENT="bevredigen." WC="0.76" CC="59000040070"/>
					</TextLine>
				</TextBlock>
				<TextBlock ID="P224_TB00004" HPOS="861" VPOS="152" WIDTH="734" HEIGHT="714" STYLEREFS="TXT_2 PAR_LEFT">
					<TextLine ID="P224_TL00006" HPOS="868" VPOS="153" WIDTH="727" HEIGHT="34">
						<String ID="P224_ST00022" HPOS="868" VPOS="160" WIDTH="44" HEIGHT="23" CONTENT="den" WC="0.95" CC="001"/>
						<SP ID="P224_SP00016" HPOS="912" VPOS="183" WIDTH="19"/>
						<String ID="P224_ST00023" HPOS="931" VPOS="165" WIDTH="67" HEIGHT="17" CONTENT="vorm" WC="0.74" CC="9000"/>
						<SP ID="P224_SP00017" HPOS="998" VPOS="183" WIDTH="18"/>
						<String ID="P224_ST00024" HPOS="1016" VPOS="159" WIDTH="121" HEIGHT="28" CONTENT="ontbeert," WC="0.74" CC="007020750"/>
						<SP ID="P224_SP00018" HPOS="1137" VPOS="187" WIDTH="22"/>
						<String ID="P224_ST00025" HPOS="1159" VPOS="162" WIDTH="67" HEIGHT="18" CONTENT="maar" WC="0.58" CC="4155"/>
						<SP ID="P224_SP00019" HPOS="1226" VPOS="187" WIDTH="17"/>
						<String ID="P224_ST00026" HPOS="1243" VPOS="154" WIDTH="92" HEIGHT="24" CONTENT="waarin" WC="0.64" CC="015544"/>
						<SP ID="P224_SP00020" HPOS="1335" VPOS="187" WIDTH="17"/>
						<String ID="P224_ST00027" HPOS="1352" VPOS="161" WIDTH="56" HEIGHT="17" CONTENT="men" WC="0.41" CC="655"/>
						<SP ID="P224_SP00021" HPOS="1408" VPOS="187" WIDTH="17"/>
						<String ID="P224_ST00028" HPOS="1425" VPOS="154" WIDTH="45" HEIGHT="24" CONTENT="den" WC="0.66" CC="054"/>
						<SP ID="P224_SP00022" HPOS="1470" VPOS="187" WIDTH="19"/>
						<String ID="P224_ST00029" HPOS="1489" VPOS="153" WIDTH="106" HEIGHT="25" CONTENT="dichter" SUBS_TYPE="HypPart1" SUBS_CONTENT="dichterlijken" WC="0.77" CC="00060083"/>
						<HYP CONTENT="-"/>
					</TextLine>
					<TextLine ID="P224_TL00007" HPOS="867" VPOS="194" WIDTH="728" HEIGHT="36">
						<String ID="P224_ST00030" HPOS="867" VPOS="199" WIDTH="72" HEIGHT="31" CONTENT="lijken" SUBS_TYPE="HypPart2" SUBS_CONTENT="dichterlijken" WC="0.80" CC="500006"/>
						<SP ID="P224_SP00023" HPOS="939" VPOS="230" WIDTH="27"/>
						<String ID="P224_ST00031" HPOS="966" VPOS="198" WIDTH="38" HEIGHT="24" CONTENT="zin" WC="0.45" CC="546"/>
						<SP ID="P224_SP00024" HPOS="1004" VPOS="230" WIDTH="26"/>
						<String ID="P224_ST00032" HPOS="1030" VPOS="199" WIDTH="54" HEIGHT="23" CONTENT="toch" WC="0.80" CC="0060"/>
						<SP ID="P224_SP00025" HPOS="1084" VPOS="230" WIDTH="24"/>
						<String ID="P224_ST00033" HPOS="1108" VPOS="196" WIDTH="116" HEIGHT="30" CONTENT="duidelijk" WC="0.76" CC="006800500"/>
						<SP ID="P224_SP00026" HPOS="1224" VPOS="230" WIDTH="18"/>
						<String ID="P224_ST00034" HPOS="1242" VPOS="195" WIDTH="110" HEIGHT="24" CONTENT="herkent." WC="0.71" CC="70540040"/>
						<SP ID="P224_SP00027" HPOS="1352" VPOS="230" WIDTH="35"/>
						<String ID="P224_ST00035" HPOS="1387" VPOS="194" WIDTH="52" HEIGHT="24" CONTENT="Ook" WC="0.50" CC="418"/>
						<SP ID="P224_SP00028" HPOS="1439" VPOS="230" WIDTH="18"/>
						<String ID="P224_ST00036" HPOS="1457" VPOS="195" WIDTH="68" HEIGHT="24" CONTENT="vindt" WC="0.71" CC="00464"/>
						<SP ID="P224_SP00029" HPOS="1525" VPOS="230" WIDTH="19"/>
						<String ID="P224_ST00037" HPOS="1544" VPOS="202" WIDTH="51" HEIGHT="16" CONTENT="men" WC="0.58" CC="614"/>
					</TextLine>
					<TextLine ID="P224_TL00008" HPOS="866" VPOS="234" WIDTH="729" HEIGHT="34">
						<String ID="P224_ST00038" HPOS="866" VPOS="247" WIDTH="27" HEIGHT="17" CONTENT="er" WC="0.72" CC="04"/>
						<SP ID="P224_SP00030" HPOS="893" VPOS="264" WIDTH="35"/>
						<String ID="P224_ST00039" HPOS="928" VPOS="247" WIDTH="57" HEIGHT="16" CONTENT="eene" WC="0.76" CC="0072"/>
						<SP ID="P224_SP00031" HPOS="985" VPOS="264" WIDTH="34"/>
						<String ID="P224_ST00040" HPOS="1019" VPOS="237" WIDTH="155" HEIGHT="31" CONTENT="volksmuzijk" WC="0.65" CC="03492407500"/>
						<SP ID="P224_SP00032" HPOS="1174" VPOS="268" WIDTH="36"/>
						<String ID="P224_ST00041" HPOS="1210" VPOS="236" WIDTH="60" HEIGHT="24" CONTENT="wier" WC="0.41" CC="9345"/>
						<SP ID="P224_SP00033" HPOS="1270" VPOS="268" WIDTH="36"/>
						<String ID="P224_ST00042" HPOS="1306" VPOS="234" WIDTH="119" HEIGHT="24" CONTENT="melodiën" WC="0.76" CC="60740000"/>
						<SP ID="P224_SP00034" HPOS="1425" VPOS="268" WIDTH="36"/>
						<String ID="P224_ST00043" HPOS="1461" VPOS="237" WIDTH="39" HEIGHT="21" CONTENT="ten" WC="1.00" CC="000"/>
						<SP ID="P224_SP00035" HPOS="1500" VPOS="268" WIDTH="31"/>
						<String ID="P224_ST00044" HPOS="1531" VPOS="235" WIDTH="64" HEIGHT="23" CONTENT="deele" WC="0.73" CC="50033"/>
					</TextLine>
					<TextLine ID="P224_TL00009" HPOS="869" VPOS="275" WIDTH="726" HEIGHT="29">
						<String ID="P224_ST00045" HPOS="869" VPOS="281" WIDTH="59" HEIGHT="22" CONTENT="door" WC="0.86" CC="0031"/>
						<SP ID="P224_SP00036" HPOS="928" VPOS="303" WIDTH="27"/>
						<String ID="P224_ST00046" HPOS="955" VPOS="280" WIDTH="110" HEIGHT="23" CONTENT="vreemde" WC="0.68" CC="0510590"/>
						<SP ID="P224_SP00037" HPOS="1065" VPOS="303" WIDTH="17"/>
						<String ID="P224_ST00047" HPOS="1082" VPOS="278" WIDTH="217" HEIGHT="24" CONTENT="toonkunstenaars" WC="0.72" CC="200102636470014"/>
						<String ID="P224_ST00048" HPOS="1309" VPOS="293" WIDTH="7" HEIGHT="11" CONTENT="," WC="1.00" CC="0"/>
						<SP ID="P224_SP00038" HPOS="1316" VPOS="304" WIDTH="19"/>
						<String ID="P224_ST00049" HPOS="1335" VPOS="275" WIDTH="23" HEIGHT="23" CONTENT="b." WC="0.98" CC="00"/>
						<SP ID="P224_SP00039" HPOS="1358" VPOS="304" WIDTH="12"/>
						<String ID="P224_ST00050" HPOS="1370" VPOS="282" WIDTH="21" HEIGHT="16" CONTENT="v." WC="0.93" CC="01"/>
						<SP ID="P224_SP00040" HPOS="1391" VPOS="304" WIDTH="20"/>
						<String ID="P224_ST00051" HPOS="1411" VPOS="275" WIDTH="59" HEIGHT="23" CONTENT="door" WC="0.68" CC="0623"/>
						<SP ID="P224_SP00041" HPOS="1470" VPOS="304" WIDTH="19"/>
						<String ID="P224_ST00052" HPOS="1489" VPOS="275" WIDTH="45" HEIGHT="22" CONTENT="den" WC="0.99" CC="000"/>
						<SP ID="P224_SP00042" HPOS="1534" VPOS="304" WIDTH="23"/>
						<String ID="P224_ST00053" HPOS="1557" VPOS="275" WIDTH="38" HEIGHT="23" CONTENT="be" SUBS_TYPE="HypPart1" SUBS_CONTENT="beroemden" WC="0.66" CC="324"/>
						<HYP CONTENT="-"/>
					</TextLine>
					<TextLine ID="P224_TL00010" HPOS="869" VPOS="314" WIDTH="726" HEIGHT="32">
						<String ID="P224_ST00054" HPOS="869" VPOS="319" WIDTH="113" HEIGHT="25" CONTENT="roemden" SUBS_TYPE="HypPart2" SUBS_CONTENT="beroemden" WC="0.73" CC="5007006"/>
						<SP ID="P224_SP00043" HPOS="982" VPOS="344" WIDTH="17"/>
						<String ID="P224_ST00055" HPOS="999" VPOS="327" WIDTH="129" HEIGHT="16" CONTENT="BERNHARn" WC="0.43" CC="52795067"/>
						<SP ID="P224_SP00044" HPOS="1128" VPOS="344" WIDTH="17"/>
						<String ID="P224_ST00056" HPOS="1145" VPOS="324" WIDTH="126" HEIGHT="22" CONTENT="romberg," WC="0.74" CC="80100730"/>
						<SP ID="P224_SP00045" HPOS="1271" VPOS="346" WIDTH="21"/>
						<String ID="P224_ST00057" HPOS="1292" VPOS="317" WIDTH="46" HEIGHT="29" CONTENT="zijn" WC="0.46" CC="6707"/>
						<SP ID="P224_SP00046" HPOS="1338" VPOS="346" WIDTH="20"/>
						<String ID="P224_ST00058" HPOS="1358" VPOS="314" WIDTH="123" HEIGHT="24" CONTENT="bearbeid." WC="0.77" CC="300662100"/>
						<SP ID="P224_SP00047" HPOS="1481" VPOS="346" WIDTH="28"/>
						<String ID="P224_ST00059" HPOS="1509" VPOS="314" WIDTH="35" HEIGHT="30" CONTENT="Bij" WC="0.63" CC="460"/>
						<SP ID="P224_SP00048" HPOS="1544" VPOS="346" WIDTH="13"/>
						<String ID="P224_ST00060" HPOS="1557" VPOS="315" WIDTH="38" HEIGHT="23" CONTENT="het" WC="0.55" CC="805"/>
					</TextLine>
					<TextLine ID="P224_TL00011" HPOS="867" VPOS="355" WIDTH="728" HEIGHT="35">
						<String ID="P224_ST00061" HPOS="867" VPOS="368" WIDTH="107" HEIGHT="16" CONTENT="zwerven" WC="0.85" CC="6000004"/>
						<SP ID="P224_SP00049" HPOS="974" VPOS="384" WIDTH="23"/>
						<String ID="P224_ST00062" HPOS="997" VPOS="367" WIDTH="55" HEIGHT="17" CONTENT="over" WC="0.73" CC="3007"/>
						<SP ID="P224_SP00050" HPOS="1052" VPOS="384" WIDTH="25"/>
						<String ID="P224_ST00063" HPOS="1077" VPOS="360" WIDTH="59" HEIGHT="30" CONTENT="berg" WC="0.86" CC="5000"/>
						<SP ID="P224_SP00051" HPOS="1136" VPOS="390" WIDTH="23"/>
						<String ID="P224_ST00064" HPOS="1159" VPOS="366" WIDTH="28" HEIGHT="16" CONTENT="en" WC="0.67" CC="06"/>
						<SP ID="P224_SP00052" HPOS="1187" VPOS="390" WIDTH="19"/>
						<String ID="P224_ST00065" HPOS="1206" VPOS="357" WIDTH="48" HEIGHT="29" CONTENT="dal," WC="0.82" CC="0700"/>
						<SP ID="P224_SP00053" HPOS="1254" VPOS="390" WIDTH="26"/>
						<String ID="P224_ST00066" HPOS="1280" VPOS="357" WIDTH="69" HEIGHT="23" CONTENT="hoort" WC="0.72" CC="42060"/>
						<SP ID="P224_SP00054" HPOS="1349" VPOS="390" WIDTH="24"/>
						<String ID="P224_ST00067" HPOS="1373" VPOS="363" WIDTH="53" HEIGHT="16" CONTENT="men" WC="0.46" CC="636"/>
						<SP ID="P224_SP00055" HPOS="1426" VPOS="390" WIDTH="20"/>
						<String ID="P224_ST00068" HPOS="1446" VPOS="355" WIDTH="50" HEIGHT="23" CONTENT="niet" WC="0.57" CC="5505"/>
						<SP ID="P224_SP00056" HPOS="1496" VPOS="390" WIDTH="18"/>
						<String ID="P224_ST00069" HPOS="1514" VPOS="355" WIDTH="81" HEIGHT="24" CONTENT="zelden" WC="0.64" CC="403066"/>
					</TextLine>
					<TextLine ID="P224_TL00012" HPOS="867" VPOS="396" WIDTH="727" HEIGHT="30">
						<String ID="P224_ST00070" HPOS="867" VPOS="402" WIDTH="28" HEIGHT="22" CONTENT="de" WC="1.00" CC="00"/>
						<SP ID="P224_SP00057" HPOS="895" VPOS="424" WIDTH="18"/>
						<String ID="P224_ST00071" HPOS="913" VPOS="401" WIDTH="126" HEIGHT="23" CONTENT="schoonste" WC="0.78" CC="107414000"/>
						<SP ID="P224_SP00058" HPOS="1039" VPOS="424" WIDTH="17"/>
						<String ID="P224_ST00072" HPOS="1056" VPOS="400" WIDTH="105" HEIGHT="24" CONTENT="liederen" WC="0.85" CC="60000500"/>
						<SP ID="P224_SP00059" HPOS="1161" VPOS="424" WIDTH="19"/>
						<String ID="P224_ST00073" HPOS="1180" VPOS="402" WIDTH="48" HEIGHT="20" CONTENT="met" WC="0.84" CC="021"/>
						<SP ID="P224_SP00060" HPOS="1228" VPOS="424" WIDTH="17"/>
						<String ID="P224_ST00074" HPOS="1245" VPOS="397" WIDTH="75" HEIGHT="29" CONTENT="volle," WC="0.68" CC="821600"/>
						<SP ID="P224_SP00061" HPOS="1320" VPOS="426" WIDTH="11"/>
						<String ID="P224_ST00075" HPOS="1331" VPOS="396" WIDTH="136" HEIGHT="29" CONTENT="klankrijke" WC="0.66" CC="9006017070"/>
						<SP ID="P224_SP00062" HPOS="1467" VPOS="426" WIDTH="12"/>
						<String ID="P224_ST00076" HPOS="1479" VPOS="398" WIDTH="115" HEIGHT="20" CONTENT="stemmen" WC="0.76" CC="0308310"/>
					</TextLine>
					<TextLine ID="P224_TL00013" HPOS="866" VPOS="435" WIDTH="729" HEIGHT="33">
						<String ID="P224_ST00077" HPOS="866" VPOS="441" WIDTH="59" HEIGHT="23" CONTENT="door" WC="0.67" CC="0354"/>
						<SP ID="P224_SP00063" HPOS="925" VPOS="464" WIDTH="19"/>
						<String ID="P224_ST00078" HPOS="944" VPOS="440" WIDTH="88" HEIGHT="23" CONTENT="boeren" WC="0.82" CC="100305"/>
						<SP ID="P224_SP00064" HPOS="1032" VPOS="464" WIDTH="19"/>
						<String ID="P224_ST00079" HPOS="1051" VPOS="440" WIDTH="157" HEIGHT="28" CONTENT="voordragen." WC="0.84" CC="00360000042"/>
						<SP ID="P224_SP00065" HPOS="1208" VPOS="468" WIDTH="34"/>
						<String ID="P224_ST00080" HPOS="1242" VPOS="438" WIDTH="35" HEIGHT="24" CONTENT="De" WC="0.69" CC="60"/>
						<SP ID="P224_SP00066" HPOS="1277" VPOS="468" WIDTH="20"/>
						<String ID="P224_ST00081" HPOS="1297" VPOS="436" WIDTH="120" HEIGHT="25" CONTENT="nationale" WC="0.63" CC="506456040"/>
						<SP ID="P224_SP00067" HPOS="1417" VPOS="468" WIDTH="14"/>
						<String ID="P224_ST00082" HPOS="1431" VPOS="435" WIDTH="88" HEIGHT="30" CONTENT="muzijk" WC="0.76" CC="607000"/>
						<SP ID="P224_SP00068" HPOS="1519" VPOS="468" WIDTH="14"/>
						<String ID="P224_ST00083" HPOS="1533" VPOS="435" WIDTH="62" HEIGHT="23" CONTENT="heeft" WC="0.68" CC="60206"/>
					</TextLine>
					<TextLine ID="P224_TL00014" HPOS="866" VPOS="475" WIDTH="727" HEIGHT="35">
						<String ID="P224_ST00084" HPOS="866" VPOS="484" WIDTH="101" HEIGHT="26" CONTENT="nogtans" WC="0.82" CC="6000102"/>
						<SP ID="P224_SP00069" HPOS="967" VPOS="510" WIDTH="24"/>
						<String ID="P224_ST00085" HPOS="991" VPOS="480" WIDTH="74" HEIGHT="23" CONTENT="veelal" WC="0.87" CC="050010"/>
						<SP ID="P224_SP00070" HPOS="1065" VPOS="510" WIDTH="23"/>
						<String ID="P224_ST00086" HPOS="1088" VPOS="480" WIDTH="44" HEIGHT="22" CONTENT="iets" WC="0.78" CC="0052"/>
						<SP ID="P224_SP00071" HPOS="1132" VPOS="510" WIDTH="23"/>
						<String ID="P224_ST00087" HPOS="1155" VPOS="477" WIDTH="196" HEIGHT="25" CONTENT="melancholieks." WC="0.78" CC="33031003302900"/>
						<SP ID="P224_SP00072" HPOS="1351" VPOS="510" WIDTH="35"/>
						<String ID="P224_ST00088" HPOS="1386" VPOS="476" WIDTH="52" HEIGHT="25" CONTENT="Mol" WC="0.94" CC="010"/>
						<SP ID="P224_SP00073" HPOS="1438" VPOS="510" WIDTH="22"/>
						<String ID="P224_ST00089" HPOS="1460" VPOS="475" WIDTH="20" HEIGHT="24" CONTENT="is" WC="0.32" CC="76"/>
						<SP ID="P224_SP00074" HPOS="1480" VPOS="510" WIDTH="23"/>
						<String ID="P224_ST00090" HPOS="1503" VPOS="476" WIDTH="29" HEIGHT="23" CONTENT="de" WC="1.00" CC="00"/>
						<SP ID="P224_SP00075" HPOS="1532" VPOS="510" WIDTH="22"/>
						<String ID="P224_ST00091" HPOS="1554" VPOS="484" WIDTH="39" HEIGHT="22" CONTENT="ge" SUBS_TYPE="HypPart1" SUBS_CONTENT="gewone" WC="0.88" CC="003"/>
						<HYP CONTENT="-"/>
					</TextLine>
					<TextLine ID="P224_TL00015" HPOS="866" VPOS="517" WIDTH="727" HEIGHT="34">
						<String ID="P224_ST00092" HPOS="866" VPOS="529" WIDTH="67" HEIGHT="16" CONTENT="wone" SUBS_TYPE="HypPart2" SUBS_CONTENT="gewone" WC="0.86" CC="0050"/>
						<SP ID="P224_SP00076" HPOS="933" VPOS="545" WIDTH="23"/>
						<String ID="P224_ST00093" HPOS="956" VPOS="524" WIDTH="56" HEIGHT="21" CONTENT="toon" WC="0.67" CC="3206"/>
						<SP ID="P224_SP00077" HPOS="1012" VPOS="545" WIDTH="27"/>
						<String ID="P224_ST00094" HPOS="1039" VPOS="528" WIDTH="28" HEIGHT="16" CONTENT="en" WC="0.70" CC="05"/>
						<SP ID="P224_SP00078" HPOS="1067" VPOS="545" WIDTH="26"/>
						<String ID="P224_ST00095" HPOS="1093" VPOS="521" WIDTH="65" HEIGHT="30" CONTENT="largo" WC="0.93" CC="00030"/>
						<SP ID="P224_SP00079" HPOS="1158" VPOS="551" WIDTH="26"/>
						<String ID="P224_ST00096" HPOS="1184" VPOS="519" WIDTH="135" HEIGHT="30" CONTENT="doorgaans" WC="0.55" CC="016590907"/>
						<SP ID="P224_SP00080" HPOS="1319" VPOS="551" WIDTH="27"/>
						<String ID="P224_ST00097" HPOS="1346" VPOS="518" WIDTH="39" HEIGHT="22" CONTENT="het" WC="0.64" CC="512"/>
						<SP ID="P224_SP00081" HPOS="1385" VPOS="551" WIDTH="23"/>
						<String ID="P224_ST00098" HPOS="1408" VPOS="520" WIDTH="88" HEIGHT="27" CONTENT="tempo." WC="0.72" CC="407050"/>
						<SP ID="P224_SP00082" HPOS="1496" VPOS="551" WIDTH="36"/>
						<String ID="P224_ST00099" HPOS="1532" VPOS="517" WIDTH="61" HEIGHT="23" CONTENT="Zelfs" WC="0.73" CC="00561"/>
					</TextLine>
					<TextLine ID="P224_TL00016" HPOS="864" VPOS="557" WIDTH="728" HEIGHT="33">
						<String ID="P224_ST00100" HPOS="864" VPOS="562" WIDTH="24" HEIGHT="22" CONTENT="in" WC="0.58" CC="71"/>
						<SP ID="P224_SP00083" HPOS="888" VPOS="584" WIDTH="23"/>
						<String ID="P224_ST00101" HPOS="911" VPOS="562" WIDTH="28" HEIGHT="22" CONTENT="de" WC="1.00" CC="00"/>
						<SP ID="P224_SP00084" HPOS="939" VPOS="584" WIDTH="24"/>
						<String ID="P224_ST00102" HPOS="963" VPOS="562" WIDTH="87" HEIGHT="22" CONTENT="dansen" WC="0.78" CC="000606"/>
						<SP ID="P224_SP00085" HPOS="1050" VPOS="584" WIDTH="20"/>
						<String ID="P224_ST00103" HPOS="1070" VPOS="561" WIDTH="41" HEIGHT="23" CONTENT="der" WC="1.00" CC="000"/>
						<SP ID="P224_SP00086" HPOS="1111" VPOS="584" WIDTH="18"/>
						<String ID="P224_ST00104" HPOS="1129" VPOS="560" WIDTH="196" HEIGHT="30" CONTENT="alpenbewoners" WC="0.74" CC="0400651006341"/>
						<SP ID="P224_SP00087" HPOS="1325" VPOS="590" WIDTH="20"/>
						<String ID="P224_ST00105" HPOS="1345" VPOS="558" WIDTH="110" HEIGHT="22" CONTENT="heerscbt" WC="0.74" CC="01340065"/>
						<SP ID="P224_SP00088" HPOS="1455" VPOS="590" WIDTH="18"/>
						<String ID="P224_ST00106" HPOS="1473" VPOS="557" WIDTH="43" HEIGHT="23" CONTENT="iets" WC="0.71" CC="1081"/>
						<SP ID="P224_SP00089" HPOS="1516" VPOS="590" WIDTH="18"/>
						<String ID="P224_ST00107" HPOS="1534" VPOS="564" WIDTH="58" HEIGHT="16" CONTENT="ern" SUBS_TYPE="HypPart1" SUBS_CONTENT="ernstigs:" WC="0.70" CC="0352"/>
						<HYP CONTENT="-"/>
					</TextLine>
					<TextLine ID="P224_TL00017" HPOS="864" VPOS="597" WIDTH="728" HEIGHT="35">
						<String ID="P224_ST00108" HPOS="864" VPOS="601" WIDTH="69" HEIGHT="31" CONTENT="stigs:" SUBS_TYPE="HypPart2" SUBS_CONTENT="ernstigs:" WC="0.78" CC="303060"/>
						<SP ID="P224_SP00090" HPOS="933" VPOS="632" WIDTH="26"/>
						<String ID="P224_ST00109" HPOS="959" VPOS="604" WIDTH="77" HEIGHT="21" CONTENT="stoute" WC="0.83" CC="405000"/>
						<SP ID="P224_SP00091" HPOS="1036" VPOS="632" WIDTH="21"/>
						<String ID="P224_ST00110" HPOS="1057" VPOS="607" WIDTH="119" HEIGHT="24" CONTENT="sprongen" WC="0.79" CC="00038013"/>
						<SP ID="P224_SP00092" HPOS="1176" VPOS="632" WIDTH="27"/>
						<String ID="P224_ST00111" HPOS="1203" VPOS="606" WIDTH="29" HEIGHT="16" CONTENT="en" WC="0.64" CC="07"/>
						<SP ID="P224_SP00093" HPOS="1232" VPOS="632" WIDTH="17"/>
						<String ID="P224_ST00112" HPOS="1249" VPOS="597" WIDTH="280" HEIGHT="25" CONTENT="krachtontwikkelende" WC="0.80" CC="0066530050300050000"/>
						<SP ID="P224_SP00094" HPOS="1529" VPOS="632" WIDTH="19"/>
						<String ID="P224_ST00113" HPOS="1548" VPOS="598" WIDTH="44" HEIGHT="22" CONTENT="be" SUBS_TYPE="HypPart1" SUBS_CONTENT="bewegingen" WC="0.89" CC="300"/>
						<HYP CONTENT="-"/>
					</TextLine>
					<TextLine ID="P224_TL00018" HPOS="866" VPOS="637" WIDTH="725" HEIGHT="35">
						<String ID="P224_ST00114" HPOS="866" VPOS="642" WIDTH="122" HEIGHT="30" CONTENT="wegingen" SUBS_TYPE="HypPart2" SUBS_CONTENT="bewegingen" WC="0.70" CC="90006007"/>
						<SP ID="P224_SP00095" HPOS="988" VPOS="672" WIDTH="28"/>
						<String ID="P224_ST00115" HPOS="1016" VPOS="642" WIDTH="84" HEIGHT="23" CONTENT="maken" WC="0.65" CC="70027"/>
						<SP ID="P224_SP00096" HPOS="1100" VPOS="672" WIDTH="24"/>
						<String ID="P224_ST00116" HPOS="1124" VPOS="639" WIDTH="91" HEIGHT="30" CONTENT="daarbij" WC="0.89" CC="0004300"/>
						<SP ID="P224_SP00097" HPOS="1215" VPOS="672" WIDTH="20"/>
						<String ID="P224_ST00117" HPOS="1235" VPOS="639" WIDTH="29" HEIGHT="22" CONTENT="de" WC="0.50" CC="90"/>
						<SP ID="P224_SP00098" HPOS="1264" VPOS="672" WIDTH="17"/>
						<String ID="P224_ST00118" HPOS="1281" VPOS="637" WIDTH="133" HEIGHT="24" CONTENT="hoofdzaak" WC="0.58" CC="764604330"/>
						<SP ID="P224_SP00099" HPOS="1414" VPOS="672" WIDTH="19"/>
						<String ID="P224_ST00119" HPOS="1433" VPOS="638" WIDTH="43" HEIGHT="23" CONTENT="uit." WC="0.95" CC="0010"/>
						<SP ID="P224_SP00100" HPOS="1476" VPOS="672" WIDTH="37"/>
						<String ID="P224_ST00120" HPOS="1513" VPOS="638" WIDTH="40" HEIGHT="23" CONTENT="Dit" WC="0.81" CC="005"/>
						<SP ID="P224_SP00101" HPOS="1553" VPOS="672" WIDTH="18"/>
						<String ID="P224_ST00121" HPOS="1571" VPOS="637" WIDTH="20" HEIGHT="24" CONTENT="is" WC="0.39" CC="65"/>
					</TextLine>
					<TextLine ID="P224_TL00019" HPOS="863" VPOS="678" WIDTH="728" HEIGHT="33">
						<String ID="P224_ST00122" HPOS="863" VPOS="689" WIDTH="42" HEIGHT="16" CONTENT="een" WC="0.76" CC="015"/>
						<SP ID="P224_SP00102" HPOS="905" VPOS="705" WIDTH="28"/>
						<String ID="P224_ST00123" HPOS="933" VPOS="682" WIDTH="131" HEIGHT="29" CONTENT="natuurlijk" WC="0.95" CC="0000030000"/>
						<SP ID="P224_SP00103" HPOS="1064" VPOS="711" WIDTH="22"/>
						<String ID="P224_ST00124" HPOS="1086" VPOS="681" WIDTH="85" HEIGHT="30" CONTENT="gevolg" WC="0.74" CC="040370"/>
						<SP ID="P224_SP00104" HPOS="1171" VPOS="711" WIDTH="19"/>
						<String ID="P224_ST00125" HPOS="1190" VPOS="686" WIDTH="44" HEIGHT="16" CONTENT="van" WC="0.86" CC="012"/>
						<SP ID="P224_SP00105" HPOS="1234" VPOS="711" WIDTH="19"/>
						<String ID="P224_ST00126" HPOS="1253" VPOS="678" WIDTH="22" HEIGHT="23" CONTENT="al" WC="0.64" CC="07"/>
						<SP ID="P224_SP00106" HPOS="1275" VPOS="711" WIDTH="17"/>
						<String ID="P224_ST00127" HPOS="1292" VPOS="678" WIDTH="41" HEIGHT="23" CONTENT="het" WC="0.78" CC="600"/>
						<SP ID="P224_SP00107" HPOS="1333" VPOS="711" WIDTH="18"/>
						<String ID="P224_ST00128" HPOS="1351" VPOS="678" WIDTH="174" HEIGHT="29" CONTENT="omringende," WC="0.64" CC="28507905002"/>
						<SP ID="P224_SP00108" HPOS="1525" VPOS="711" WIDTH="20"/>
						<String ID="P224_ST00129" HPOS="1545" VPOS="684" WIDTH="46" HEIGHT="16" CONTENT="van" WC="0.75" CC="007"/>
					</TextLine>
					<TextLine ID="P224_TL00020" HPOS="862" VPOS="717" WIDTH="727" HEIGHT="35">
						<String ID="P224_ST00130" HPOS="862" VPOS="722" WIDTH="49" HEIGHT="23" CONTENT="hun" WC="0.52" CC="706"/>
						<SP ID="P224_SP00109" HPOS="911" VPOS="745" WIDTH="27"/>
						<String ID="P224_ST00131" HPOS="938" VPOS="722" WIDTH="146" HEIGHT="30" CONTENT="dagelijksch" WC="0.84" CC="00800000007"/>
						<SP ID="P224_SP00110" HPOS="1084" VPOS="752" WIDTH="27"/>
						<String ID="P224_ST00132" HPOS="1111" VPOS="720" WIDTH="103" HEIGHT="30" CONTENT="bedrijf," WC="0.90" CC="40003000"/>
						<SP ID="P224_SP00111" HPOS="1214" VPOS="752" WIDTH="28"/>
						<String ID="P224_ST00133" HPOS="1242" VPOS="726" WIDTH="45" HEIGHT="16" CONTENT="van" WC="0.99" CC="000"/>
						<SP ID="P224_SP00112" HPOS="1287" VPOS="752" WIDTH="19"/>
						<String ID="P224_ST00134" HPOS="1306" VPOS="719" WIDTH="29" HEIGHT="22" CONTENT="de" WC="0.83" CC="03"/>
						<SP ID="P224_SP00113" HPOS="1335" VPOS="752" WIDTH="18"/>
						<String ID="P224_ST00135" HPOS="1353" VPOS="717" WIDTH="177" HEIGHT="32" CONTENT="inspanningen" WC="0.68" CC="061073501902"/>
						<SP ID="P224_SP00114" HPOS="1530" VPOS="752" WIDTH="20"/>
						<String ID="P224_ST00136" HPOS="1550" VPOS="725" WIDTH="39" HEIGHT="16" CONTENT="om" WC="0.58" CC="16"/>
					</TextLine>
					<TextLine ID="P224_TL00021" HPOS="862" VPOS="758" WIDTH="728" HEIGHT="33">
						<String ID="P224_ST00137" HPOS="862" VPOS="762" WIDTH="40" HEIGHT="23" CONTENT="het" WC="0.68" CC="026"/>
						<SP ID="P224_SP00115" HPOS="902" VPOS="785" WIDTH="24"/>
						<String ID="P224_ST00138" HPOS="926" VPOS="762" WIDTH="103" HEIGHT="29" CONTENT="noodige" WC="0.86" CC="7100000"/>
						<SP ID="P224_SP00116" HPOS="1029" VPOS="791" WIDTH="18"/>
						<String ID="P224_ST00139" HPOS="1047" VPOS="766" WIDTH="21" HEIGHT="18" CONTENT="te" WC="0.60" CC="61"/>
						<SP ID="P224_SP00117" HPOS="1068" VPOS="791" WIDTH="19"/>
						<String ID="P224_ST00140" HPOS="1087" VPOS="766" WIDTH="144" HEIGHT="17" CONTENT="verwerven." WC="0.88" CC="0100010610"/>
						<SP ID="P224_SP00118" HPOS="1231" VPOS="791" WIDTH="36"/>
						<String ID="P224_ST00141" HPOS="1267" VPOS="759" WIDTH="34" HEIGHT="23" CONTENT="De" WC="0.76" CC="40"/>
						<SP ID="P224_SP00119" HPOS="1301" VPOS="791" WIDTH="18"/>
						<String ID="P224_ST00142" HPOS="1319" VPOS="759" WIDTH="144" HEIGHT="27" CONTENT="verhevene," WC="0.82" CC="0010207500"/>
						<SP ID="P224_SP00120" HPOS="1463" VPOS="791" WIDTH="22"/>
						<String ID="P224_ST00143" HPOS="1485" VPOS="758" WIDTH="105" HEIGHT="30" CONTENT="ernstige" WC="0.84" CC="04710000"/>
					</TextLine>
					<TextLine ID="P224_TL00022" HPOS="863" VPOS="799" WIDTH="726" HEIGHT="31">
						<String ID="P224_ST00144" HPOS="863" VPOS="805" WIDTH="86" HEIGHT="19" CONTENT="naluur" WC="0.77" CC="700105"/>
						<SP ID="P224_SP00121" HPOS="949" VPOS="824" WIDTH="26"/>
						<String ID="P224_ST00145" HPOS="975" VPOS="801" WIDTH="89" HEIGHT="23" CONTENT="waarin" WC="0.88" CC="000105"/>
						<SP ID="P224_SP00122" HPOS="1064" VPOS="824" WIDTH="18"/>
						<String ID="P224_ST00146" HPOS="1082" VPOS="802" WIDTH="27" HEIGHT="28" CONTENT="zij" WC="0.59" CC="560"/>
						<SP ID="P224_SP00123" HPOS="1109" VPOS="830" WIDTH="21"/>
						<String ID="P224_ST00147" HPOS="1130" VPOS="801" WIDTH="49" HEIGHT="22" CONTENT="hun" WC="0.54" CC="615"/>
						<SP ID="P224_SP00124" HPOS="1179" VPOS="830" WIDTH="19"/>
						<String ID="P224_ST00148" HPOS="1198" VPOS="800" WIDTH="67" HEIGHT="22" CONTENT="leven" WC="0.68" CC="44006"/>
						<SP ID="P224_SP00125" HPOS="1265" VPOS="830" WIDTH="14"/>
						<String ID="P224_ST00149" HPOS="1279" VPOS="799" WIDTH="182" HEIGHT="29" CONTENT="doorbrengen," WC="0.66" CC="040540049261"/>
						<SP ID="P224_SP00126" HPOS="1461" VPOS="830" WIDTH="22"/>
						<String ID="P224_ST00150" HPOS="1483" VPOS="799" WIDTH="29" HEIGHT="22" CONTENT="de" WC="0.52" CC="90"/>
						<SP ID="P224_SP00127" HPOS="1512" VPOS="830" WIDTH="13"/>
						<String ID="P224_ST00151" HPOS="1525" VPOS="799" WIDTH="64" HEIGHT="22" CONTENT="don" SUBS_TYPE="HypPart1" SUBS_CONTENT="donkere" WC="0.74" CC="0063"/>
						<HYP CONTENT="-"/>
					</TextLine>
					<TextLine ID="P224_TL00023" HPOS="861" VPOS="839" WIDTH="728" HEIGHT="27">
						<String ID="P224_ST00152" HPOS="861" VPOS="840" WIDTH="55" HEIGHT="23" CONTENT="kere" SUBS_TYPE="HypPart2" SUBS_CONTENT="donkere" WC="0.75" CC="9000"/>
						<SP ID="P224_SP00128" HPOS="916" VPOS="863" WIDTH="24"/>
						<String ID="P224_ST00153" HPOS="940" VPOS="842" WIDTH="101" HEIGHT="22" CONTENT="wouden" WC="0.65" CC="043920"/>
						<SP ID="P224_SP00129" HPOS="1041" VPOS="864" WIDTH="25"/>
						<String ID="P224_ST00154" HPOS="1066" VPOS="840" WIDTH="74" HEIGHT="23" CONTENT="welke" WC="0.86" CC="03300"/>
						<SP ID="P224_SP00130" HPOS="1140" VPOS="864" WIDTH="18"/>
						<String ID="P224_ST00155" HPOS="1158" VPOS="841" WIDTH="27" HEIGHT="25" CONTENT="zij" WC="0.57" CC="660"/>
						<SP ID="P224_SP00131" HPOS="1185" VPOS="866" WIDTH="19"/>
						<String ID="P224_ST00156" HPOS="1204" VPOS="839" WIDTH="158" HEIGHT="23" CONTENT="doorkruisen" WC="0.77" CC="00080245200"/>
						<SP ID="P224_SP00132" HPOS="1362" VPOS="866" WIDTH="12"/>
						<String ID="P224_ST00157" HPOS="1374" VPOS="857" WIDTH="5" HEIGHT="9" CONTENT="," WC="1.00" CC="0"/>
						<SP ID="P224_SP00133" HPOS="1379" VPOS="866" WIDTH="20"/>
						<String ID="P224_ST00158" HPOS="1399" VPOS="839" WIDTH="40" HEIGHT="22" CONTENT="het" WC="0.65" CC="505"/>
						<SP ID="P224_SP00134" HPOS="1439" VPOS="866" WIDTH="18"/>
						<String ID="P224_ST00159" HPOS="1457" VPOS="839" WIDTH="132" HEIGHT="23" CONTENT="murmelen" WC="0.63" CC="50430267"/>
					</TextLine>
				</TextBlock>
				<TextBlock ID="P224_TB00005" HPOS="71" VPOS="276" WIDTH="728" HEIGHT="544" STYLEREFS="TXT_2 PAR_LEFT">
					<TextLine ID="P224_TL00024" HPOS="112" VPOS="278" WIDTH="687" HEIGHT="26">
						<String ID="P224_ST00160" HPOS="112" VPOS="280" WIDTH="53" HEIGHT="23" CONTENT="Aan" WC="0.82" CC="050"/>
						<SP ID="P224_SP00135" HPOS="165" VPOS="303" WIDTH="32"/>
						<String ID="P224_ST00161" HPOS="197" VPOS="280" WIDTH="109" HEIGHT="23" CONTENT="kunstzin" WC="0.65" CC="06324620"/>
						<SP ID="P224_SP00136" HPOS="306" VPOS="303" WIDTH="32"/>
						<String ID="P224_ST00162" HPOS="338" VPOS="278" WIDTH="126" HEIGHT="24" CONTENT="ontbreekt" WC="0.76" CC="270250002"/>
						<SP ID="P224_SP00137" HPOS="464" VPOS="303" WIDTH="28"/>
						<String ID="P224_ST00163" HPOS="492" VPOS="280" WIDTH="40" HEIGHT="23" CONTENT="het" WC="0.59" CC="704"/>
						<SP ID="P224_SP00138" HPOS="532" VPOS="303" WIDTH="29"/>
						<String ID="P224_ST00164" HPOS="561" VPOS="280" WIDTH="44" HEIGHT="23" CONTENT="den" WC="0.86" CC="040"/>
						<SP ID="P224_SP00139" HPOS="605" VPOS="303" WIDTH="25"/>
						<String ID="P224_ST00165" HPOS="630" VPOS="280" WIDTH="169" HEIGHT="24" CONTENT="Noormannen" WC="0.66" CC="0063701734"/>
					</TextLine>
					<TextLine ID="P224_TL00025" HPOS="80" VPOS="318" WIDTH="719" HEIGHT="33">
						<String ID="P224_ST00166" HPOS="80" VPOS="329" WIDTH="55" HEIGHT="15" CONTENT="over" WC="0.69" CC="6005"/>
						<SP ID="P224_SP00140" HPOS="135" VPOS="344" WIDTH="25"/>
						<String ID="P224_ST00167" HPOS="160" VPOS="321" WIDTH="39" HEIGHT="22" CONTENT="het" WC="0.82" CC="500"/>
						<SP ID="P224_SP00141" HPOS="199" VPOS="344" WIDTH="24"/>
						<String ID="P224_ST00168" HPOS="223" VPOS="319" WIDTH="81" HEIGHT="30" CONTENT="geheel" WC="0.77" CC="006600"/>
						<SP ID="P224_SP00142" HPOS="304" VPOS="349" WIDTH="25"/>
						<String ID="P224_ST00169" HPOS="329" VPOS="318" WIDTH="47" HEIGHT="23" CONTENT="niet" WC="0.64" CC="0453"/>
						<String ID="P224_ST00170" HPOS="388" VPOS="336" WIDTH="5" HEIGHT="10" CONTENT="," WC="1.00" CC="0"/>
						<SP ID="P224_SP00143" HPOS="393" VPOS="349" WIDTH="28"/>
						<String ID="P224_ST00171" HPOS="421" VPOS="326" WIDTH="65" HEIGHT="16" CONTENT="maar" WC="0.48" CC="6373"/>
						<SP ID="P224_SP00144" HPOS="486" VPOS="349" WIDTH="18"/>
						<String ID="P224_ST00172" HPOS="504" VPOS="320" WIDTH="44" HEIGHT="24" CONTENT="wel" WC="1.00" CC="000"/>
						<SP ID="P224_SP00145" HPOS="548" VPOS="349" WIDTH="18"/>
						<String ID="P224_ST00173" HPOS="566" VPOS="327" WIDTH="43" HEIGHT="16" CONTENT="aan" WC="0.78" CC="500"/>
						<SP ID="P224_SP00146" HPOS="609" VPOS="349" WIDTH="18"/>
						<String ID="P224_ST00174" HPOS="627" VPOS="320" WIDTH="172" HEIGHT="31" CONTENT="ontwikkeling" WC="0.72" CC="525030003039"/>
					</TextLine>
					<TextLine ID="P224_TL00026" HPOS="79" VPOS="358" WIDTH="720" HEIGHT="33">
						<String ID="P224_ST00175" HPOS="79" VPOS="362" WIDTH="94" HEIGHT="23" CONTENT="hunner" WC="0.74" CC="402402"/>
						<SP ID="P224_SP00147" HPOS="173" VPOS="385" WIDTH="25"/>
						<String ID="P224_ST00176" HPOS="198" VPOS="360" WIDTH="113" HEIGHT="21" CONTENT="talenten." WC="0.81" CC="000076003"/>
						<SP ID="P224_SP00148" HPOS="311" VPOS="385" WIDTH="36"/>
						<String ID="P224_ST00177" HPOS="347" VPOS="358" WIDTH="44" HEIGHT="23" CONTENT="Dat" WC="0.77" CC="006"/>
						<SP ID="P224_SP00149" HPOS="391" VPOS="385" WIDTH="26"/>
						<String ID="P224_ST00178" HPOS="417" VPOS="359" WIDTH="140" HEIGHT="32" CONTENT="Noorwegen" WC="0.88" CC="003070000"/>
						<SP ID="P224_SP00150" HPOS="557" VPOS="391" WIDTH="26"/>
						<String ID="P224_ST00179" HPOS="583" VPOS="361" WIDTH="104" HEIGHT="23" CONTENT="dichters" WC="0.85" CC="00106003"/>
						<String ID="P224_ST00180" HPOS="698" VPOS="378" WIDTH="5" HEIGHT="11" CONTENT="," WC="1.00" CC="0"/>
						<SP ID="P224_SP00151" HPOS="703" VPOS="391" WIDTH="21"/>
						<String ID="P224_ST00181" HPOS="724" VPOS="363" WIDTH="75" HEIGHT="21" CONTENT="toon-" WC="0.88" CC="00500"/>
					</TextLine>
					<TextLine ID="P224_TL00027" HPOS="80" VPOS="398" WIDTH="719" HEIGHT="32">
						<String ID="P224_ST00182" HPOS="80" VPOS="402" WIDTH="155" HEIGHT="22" CONTENT="kunstenaars" WC="0.56" CC="92563480008"/>
						<SP ID="P224_SP00152" HPOS="235" VPOS="424" WIDTH="17"/>
						<String ID="P224_ST00183" HPOS="252" VPOS="406" WIDTH="29" HEIGHT="16" CONTENT="en" WC="0.83" CC="03"/>
						<SP ID="P224_SP00153" HPOS="281" VPOS="424" WIDTH="17"/>
						<String ID="P224_ST00184" HPOS="298" VPOS="398" WIDTH="116" HEIGHT="24" CONTENT="schilders" WC="0.73" CC="213530150"/>
						<SP ID="P224_SP00154" HPOS="414" VPOS="424" WIDTH="18"/>
						<String ID="P224_ST00185" HPOS="432" VPOS="400" WIDTH="46" HEIGHT="23" CONTENT="kan" WC="0.75" CC="007"/>
						<SP ID="P224_SP00155" HPOS="478" VPOS="424" WIDTH="19"/>
						<String ID="P224_ST00186" HPOS="497" VPOS="401" WIDTH="173" HEIGHT="29" CONTENT="voortbrengen" WC="0.72" CC="032086005006"/>
						<SP ID="P224_SP00156" HPOS="670" VPOS="430" WIDTH="12"/>
						<String ID="P224_ST00187" HPOS="682" VPOS="418" WIDTH="7" HEIGHT="11" CONTENT="," WC="1.00" CC="0"/>
						<SP ID="P224_SP00157" HPOS="689" VPOS="430" WIDTH="18"/>
						<String ID="P224_ST00188" HPOS="707" VPOS="401" WIDTH="19" HEIGHT="23" CONTENT="is" WC="0.71" CC="40"/>
						<SP ID="P224_SP00158" HPOS="726" VPOS="430" WIDTH="19"/>
						<String ID="P224_ST00189" HPOS="745" VPOS="402" WIDTH="54" HEIGHT="22" CONTENT="vol-" WC="0.56" CC="6522"/>
					</TextLine>
					<TextLine ID="P224_TL00028" HPOS="78" VPOS="439" WIDTH="721" HEIGHT="25">
						<String ID="P224_ST00190" HPOS="78" VPOS="440" WIDTH="92" HEIGHT="23" CONTENT="doende" WC="0.88" CC="060000"/>
						<SP ID="P224_SP00159" HPOS="170" VPOS="463" WIDTH="36"/>
						<String ID="P224_ST00191" HPOS="206" VPOS="439" WIDTH="119" HEIGHT="23" CONTENT="bewezen." WC="0.75" CC="50007070"/>
						<SP ID="P224_SP00160" HPOS="325" VPOS="463" WIDTH="45"/>
						<String ID="P224_ST00192" HPOS="370" VPOS="439" WIDTH="175" HEIGHT="24" CONTENT="Verscheidene" WC="0.80" CC="003407000430"/>
						<SP ID="P224_SP00161" HPOS="545" VPOS="463" WIDTH="34"/>
						<String ID="P224_ST00193" HPOS="579" VPOS="440" WIDTH="41" HEIGHT="23" CONTENT="der" WC="0.78" CC="006"/>
						<SP ID="P224_SP00162" HPOS="620" VPOS="463" WIDTH="32"/>
						<String ID="P224_ST00194" HPOS="652" VPOS="441" WIDTH="147" HEIGHT="23" CONTENT="beroemdste" WC="0.77" CC="4300160060"/>
					</TextLine>
					<TextLine ID="P224_TL00029" HPOS="75" VPOS="479" WIDTH="723" HEIGHT="30">
						<String ID="P224_ST00195" HPOS="75" VPOS="479" WIDTH="117" HEIGHT="23" CONTENT="deensche" WC="0.67" CC="00345570"/>
						<SP ID="P224_SP00163" HPOS="192" VPOS="502" WIDTH="23"/>
						<String ID="P224_ST00196" HPOS="215" VPOS="479" WIDTH="156" HEIGHT="23" CONTENT="kunstenaars" WC="0.78" CC="00622044030"/>
						<SP ID="P224_SP00164" HPOS="371" VPOS="502" WIDTH="23"/>
						<String ID="P224_ST00197" HPOS="394" VPOS="479" WIDTH="36" HEIGHT="24" CONTENT="uit" WC="0.82" CC="005"/>
						<SP ID="P224_SP00165" HPOS="430" VPOS="503" WIDTH="28"/>
						<String ID="P224_ST00198" HPOS="458" VPOS="479" WIDTH="81" HEIGHT="30" CONTENT="vorige" WC="0.68" CC="004580"/>
						<SP ID="P224_SP00166" HPOS="539" VPOS="509" WIDTH="28"/>
						<String ID="P224_ST00199" HPOS="567" VPOS="487" WIDTH="95" HEIGHT="17" CONTENT="eeuwen" WC="0.77" CC="100902"/>
						<SP ID="P224_SP00167" HPOS="662" VPOS="509" WIDTH="28"/>
						<String ID="P224_ST00200" HPOS="690" VPOS="482" WIDTH="108" HEIGHT="22" CONTENT="stamden" WC="0.67" CC="0426205"/>
					</TextLine>
					<TextLine ID="P224_TL00030" HPOS="72" VPOS="518" WIDTH="725" HEIGHT="30">
						<String ID="P224_ST00201" HPOS="72" VPOS="519" WIDTH="36" HEIGHT="23" CONTENT="uit" WC="0.63" CC="064"/>
						<SP ID="P224_SP00168" HPOS="108" VPOS="542" WIDTH="23"/>
						<String ID="P224_ST00202" HPOS="131" VPOS="519" WIDTH="34" HEIGHT="22" CONTENT="dit" WC="0.56" CC="066"/>
						<SP ID="P224_SP00169" HPOS="165" VPOS="542" WIDTH="23"/>
						<String ID="P224_ST00203" HPOS="188" VPOS="519" WIDTH="105" HEIGHT="23" CONTENT="trotsche" WC="0.64" CC="45433060"/>
						<SP ID="P224_SP00170" HPOS="293" VPOS="542" WIDTH="29"/>
						<String ID="P224_ST00204" HPOS="322" VPOS="519" WIDTH="117" HEIGHT="29" CONTENT="bergland" WC="0.70" CC="72204240"/>
						<SP ID="P224_SP00171" HPOS="439" VPOS="548" WIDTH="24"/>
						<String ID="P224_ST00205" HPOS="463" VPOS="518" WIDTH="28" HEIGHT="24" CONTENT="af." WC="0.75" CC="340"/>
						<SP ID="P224_SP00172" HPOS="491" VPOS="548" WIDTH="36"/>
						<String ID="P224_ST00206" HPOS="527" VPOS="519" WIDTH="34" HEIGHT="22" CONTENT="De" WC="0.75" CC="40"/>
						<SP ID="P224_SP00173" HPOS="561" VPOS="548" WIDTH="24"/>
						<String ID="P224_ST00207" HPOS="585" VPOS="520" WIDTH="138" HEIGHT="23" CONTENT="vermaarde" WC="0.74" CC="001505360"/>
						<SP ID="P224_SP00174" HPOS="723" VPOS="548" WIDTH="18"/>
						<String ID="P224_ST00208" HPOS="741" VPOS="528" WIDTH="56" HEIGHT="15" CONTENT="hol-" WC="0.66" CC="4080"/>
					</TextLine>
					<TextLine ID="P224_TL00031" HPOS="75" VPOS="559" WIDTH="722" HEIGHT="30">
						<String ID="P224_ST00209" HPOS="75" VPOS="566" WIDTH="59" HEIGHT="16" CONTENT="berg" WC="0.54" CC="3076"/>
						<SP ID="P224_SP00175" HPOS="134" VPOS="582" WIDTH="11"/>
						<String ID="P224_ST00210" HPOS="145" VPOS="577" WIDTH="6" HEIGHT="11" CONTENT="," WC="1.00" CC="0"/>
						<SP ID="P224_SP00176" HPOS="151" VPOS="588" WIDTH="20"/>
						<String ID="P224_ST00211" HPOS="171" VPOS="559" WIDTH="28" HEIGHT="23" CONTENT="de" WC="0.85" CC="02"/>
						<SP ID="P224_SP00177" HPOS="199" VPOS="588" WIDTH="18"/>
						<String ID="P224_ST00212" HPOS="217" VPOS="559" WIDTH="93" HEIGHT="22" CONTENT="komiek" WC="0.79" CC="074000"/>
						<SP ID="P224_SP00178" HPOS="310" VPOS="588" WIDTH="19"/>
						<String ID="P224_ST00213" HPOS="329" VPOS="566" WIDTH="101" HEIGHT="22" CONTENT="wessel," WC="0.84" CC="8020000"/>
						<SP ID="P224_SP00179" HPOS="430" VPOS="588" WIDTH="21"/>
						<String ID="P224_ST00214" HPOS="451" VPOS="559" WIDTH="29" HEIGHT="23" CONTENT="de" WC="0.61" CC="70"/>
						<SP ID="P224_SP00180" HPOS="480" VPOS="588" WIDTH="17"/>
						<String ID="P224_ST00215" HPOS="497" VPOS="559" WIDTH="104" HEIGHT="24" CONTENT="dichters" WC="0.63" CC="00277443"/>
						<SP ID="P224_SP00181" HPOS="601" VPOS="588" WIDTH="17"/>
						<String ID="P224_ST00216" HPOS="618" VPOS="567" WIDTH="85" HEIGHT="16" CONTENT="falsen" WC="0.80" CC="300006"/>
						<SP ID="P224_SP00182" HPOS="703" VPOS="588" WIDTH="11"/>
						<String ID="P224_ST00217" HPOS="714" VPOS="578" WIDTH="6" HEIGHT="11" CONTENT="," WC="1.00" CC="0"/>
						<SP ID="P224_SP00183" HPOS="720" VPOS="589" WIDTH="19"/>
						<String ID="P224_ST00218" HPOS="739" VPOS="567" WIDTH="58" HEIGHT="17" CONTENT="zet" SUBS_TYPE="HypPart1" SUBS_CONTENT="zetlitz" WC="0.58" CC="1562"/>
						<HYP CONTENT="-"/>
					</TextLine>
					<TextLine ID="P224_TL00032" HPOS="73" VPOS="599" WIDTH="721" HEIGHT="30">
						<String ID="P224_ST00219" HPOS="73" VPOS="606" WIDTH="52" HEIGHT="16" CONTENT="litz" SUBS_TYPE="HypPart2" SUBS_CONTENT="zetlitz" WC="0.31" CC="8557"/>
						<SP ID="P224_SP00184" HPOS="125" VPOS="622" WIDTH="9"/>
						<String ID="P224_ST00220" HPOS="134" VPOS="617" WIDTH="5" HEIGHT="10" CONTENT="," WC="1.00" CC="0"/>
						<SP ID="P224_SP00185" HPOS="139" VPOS="627" WIDTH="27"/>
						<String ID="P224_ST00221" HPOS="166" VPOS="606" WIDTH="55" HEIGHT="16" CONTENT="reijc" WC="0.50" CC="71177"/>
						<SP ID="P224_SP00186" HPOS="221" VPOS="627" WIDTH="25"/>
						<String ID="P224_ST00222" HPOS="246" VPOS="606" WIDTH="28" HEIGHT="15" CONTENT="en" WC="0.94" CC="01"/>
						<SP ID="P224_SP00187" HPOS="274" VPOS="627" WIDTH="26"/>
						<String ID="P224_ST00223" HPOS="300" VPOS="606" WIDTH="69" HEIGHT="17" CONTENT="tulIiN" WC="0.23" CC="687787"/>
						<SP ID="P224_SP00188" HPOS="369" VPOS="627" WIDTH="12"/>
						<String ID="P224_ST00224" HPOS="381" VPOS="617" WIDTH="5" HEIGHT="11" CONTENT="," WC="1.00" CC="0"/>
						<SP ID="P224_SP00189" HPOS="386" VPOS="628" WIDTH="24"/>
						<String ID="P224_ST00225" HPOS="410" VPOS="600" WIDTH="39" HEIGHT="23" CONTENT="het" WC="0.73" CC="115"/>
						<SP ID="P224_SP00190" HPOS="449" VPOS="628" WIDTH="18"/>
						<String ID="P224_ST00226" HPOS="467" VPOS="599" WIDTH="159" HEIGHT="30" CONTENT="broederpaar" WC="0.82" CC="04300120023"/>
						<SP ID="P224_SP00191" HPOS="626" VPOS="629" WIDTH="17"/>
						<String ID="P224_ST00227" HPOS="643" VPOS="607" WIDTH="104" HEIGHT="16" CONTENT="frimann" WC="0.37" CC="2709976"/>
						<SP ID="P224_SP00192" HPOS="747" VPOS="629" WIDTH="19"/>
						<String ID="P224_ST00228" HPOS="766" VPOS="608" WIDTH="28" HEIGHT="16" CONTENT="en" WC="0.69" CC="06"/>
					</TextLine>
					<TextLine ID="P224_TL00033" HPOS="72" VPOS="639" WIDTH="722" HEIGHT="31">
						<String ID="P224_ST00229" HPOS="72" VPOS="639" WIDTH="169" HEIGHT="22" CONTENT="verscheidene" WC="0.76" CC="000207620260"/>
						<SP ID="P224_SP00193" HPOS="241" VPOS="661" WIDTH="9"/>
						<String ID="P224_ST00230" HPOS="250" VPOS="639" WIDTH="103" HEIGHT="23" CONTENT="anderen" WC="0.85" CC="2202003"/>
						<SP ID="P224_SP00194" HPOS="353" VPOS="662" WIDTH="11"/>
						<String ID="P224_ST00231" HPOS="364" VPOS="646" WIDTH="78" HEIGHT="16" CONTENT="waren" WC="0.71" CC="90003"/>
						<SP ID="P224_SP00195" HPOS="442" VPOS="662" WIDTH="11"/>
						<String ID="P224_ST00232" HPOS="453" VPOS="639" WIDTH="165" HEIGHT="30" CONTENT="Noorwegers." WC="0.75" CC="01038070230"/>
						<SP ID="P224_SP00196" HPOS="618" VPOS="669" WIDTH="11"/>
						<String ID="P224_ST00233" HPOS="629" VPOS="640" WIDTH="27" HEIGHT="22" CONTENT="In" WC="0.45" CC="45"/>
						<SP ID="P224_SP00197" HPOS="656" VPOS="669" WIDTH="11"/>
						<String ID="P224_ST00234" HPOS="667" VPOS="647" WIDTH="74" HEIGHT="16" CONTENT="onzen" WC="0.61" CC="03554"/>
						<SP ID="P224_SP00198" HPOS="741" VPOS="669" WIDTH="12"/>
						<String ID="P224_ST00235" HPOS="753" VPOS="641" WIDTH="41" HEIGHT="29" CONTENT="tijd" WC="0.60" CC="7008"/>
					</TextLine>
					<TextLine ID="P224_TL00034" HPOS="71" VPOS="678" WIDTH="724" HEIGHT="29">
						<String ID="P224_ST00236" HPOS="71" VPOS="678" WIDTH="93" HEIGHT="22" CONTENT="kennen" WC="0.59" CC="915340"/>
						<SP ID="P224_SP00199" HPOS="164" VPOS="700" WIDTH="23"/>
						<String ID="P224_ST00237" HPOS="187" VPOS="678" WIDTH="37" HEIGHT="29" CONTENT="wij" WC="1.00" CC="000"/>
						<SP ID="P224_SP00200" HPOS="224" VPOS="707" WIDTH="24"/>
						<String ID="P224_ST00238" HPOS="248" VPOS="678" WIDTH="45" HEIGHT="23" CONTENT="den" WC="0.74" CC="006"/>
						<SP ID="P224_SP00201" HPOS="293" VPOS="707" WIDTH="27"/>
						<String ID="P224_ST00239" HPOS="320" VPOS="679" WIDTH="121" HEIGHT="23" CONTENT="Noorman" WC="0.63" CC="0243427"/>
						<SP ID="P224_SP00202" HPOS="441" VPOS="707" WIDTH="29"/>
						<String ID="P224_ST00240" HPOS="470" VPOS="686" WIDTH="44" HEIGHT="16" CONTENT="ole" WC="0.66" CC="450"/>
						<SP ID="P224_SP00203" HPOS="514" VPOS="707" WIDTH="26"/>
						<String ID="P224_ST00241" HPOS="540" VPOS="686" WIDTH="58" HEIGHT="16" CONTENT="bull" WC="0.39" CC="7609"/>
						<SP ID="P224_SP00204" HPOS="598" VPOS="707" WIDTH="24"/>
						<String ID="P224_ST00242" HPOS="622" VPOS="680" WIDTH="47" HEIGHT="23" CONTENT="als-" WC="0.60" CC="4730"/>
						<String ID="P224_ST00243" HPOS="684" VPOS="681" WIDTH="49" HEIGHT="23" CONTENT="een'" WC="0.82" CC="0042"/>
						<SP ID="P224_SP00205" HPOS="733" VPOS="707" WIDTH="20"/>
						<String ID="P224_ST00244" HPOS="753" VPOS="682" WIDTH="42" HEIGHT="22" CONTENT="der" WC="0.54" CC="930"/>
					</TextLine>
					<TextLine ID="P224_TL00035" HPOS="73" VPOS="718" WIDTH="721" HEIGHT="32">
						<String ID="P224_ST00245" HPOS="73" VPOS="721" WIDTH="105" HEIGHT="26" CONTENT="grootste" WC="0.46" CC="08675472"/>
						<SP ID="P224_SP00206" HPOS="178" VPOS="747" WIDTH="21"/>
						<String ID="P224_ST00246" HPOS="199" VPOS="718" WIDTH="215" HEIGHT="24" CONTENT="toonkunstenaars" WC="0.75" CC="430402701342000"/>
						<SP ID="P224_SP00207" HPOS="414" VPOS="747" WIDTH="23"/>
						<String ID="P224_ST00247" HPOS="437" VPOS="726" WIDTH="43" HEIGHT="15" CONTENT="van" WC="0.99" CC="000"/>
						<SP ID="P224_SP00208" HPOS="480" VPOS="747" WIDTH="19"/>
						<String ID="P224_ST00248" HPOS="499" VPOS="718" WIDTH="113" HEIGHT="32" CONTENT="Europa," WC="0.82" CC="0000093"/>
						<SP ID="P224_SP00209" HPOS="612" VPOS="750" WIDTH="18"/>
						<String ID="P224_ST00249" HPOS="630" VPOS="727" WIDTH="28" HEIGHT="16" CONTENT="en" WC="0.79" CC="04"/>
						<SP ID="P224_SP00210" HPOS="658" VPOS="750" WIDTH="19"/>
						<String ID="P224_ST00250" HPOS="677" VPOS="721" WIDTH="117" HEIGHT="29" CONTENT="professor" WC="0.81" CC="000631203"/>
					</TextLine>
					<TextLine ID="P224_TL00036" HPOS="72" VPOS="761" WIDTH="720" HEIGHT="27">
						<String ID="P224_ST00251" HPOS="72" VPOS="765" WIDTH="75" HEIGHT="22" CONTENT="dahl," WC="0.80" CC="00360"/>
						<SP ID="P224_SP00211" HPOS="147" VPOS="787" WIDTH="24"/>
						<String ID="P224_ST00252" HPOS="171" VPOS="766" WIDTH="121" HEIGHT="16" CONTENT="fearnley" WC="0.43" CC="60987227"/>
						<SP ID="P224_SP00212" HPOS="292" VPOS="787" WIDTH="10"/>
						<String ID="P224_ST00253" HPOS="302" VPOS="777" WIDTH="6" HEIGHT="11" CONTENT="," WC="1.00" CC="0"/>
						<SP ID="P224_SP00213" HPOS="308" VPOS="788" WIDTH="27"/>
						<String ID="P224_ST00254" HPOS="335" VPOS="766" WIDTH="122" HEIGHT="17" CONTENT="tidemann" WC="0.48" CC="02607977"/>
						<SP ID="P224_SP00214" HPOS="457" VPOS="788" WIDTH="24"/>
						<String ID="P224_ST00255" HPOS="481" VPOS="767" WIDTH="27" HEIGHT="15" CONTENT="en" WC="0.24" CC="77"/>
						<SP ID="P224_SP00215" HPOS="508" VPOS="788" WIDTH="19"/>
						<String ID="P224_ST00256" HPOS="527" VPOS="766" WIDTH="117" HEIGHT="17" CONTENT="calmeier" WC="0.55" CC="50653535"/>
						<SP ID="P224_SP00216" HPOS="644" VPOS="788" WIDTH="18"/>
						<String ID="P224_ST00257" HPOS="662" VPOS="761" WIDTH="33" HEIGHT="22" CONTENT="als" WC="0.85" CC="102"/>
						<SP ID="P224_SP00217" HPOS="695" VPOS="788" WIDTH="20"/>
						<String ID="P224_ST00258" HPOS="715" VPOS="761" WIDTH="77" HEIGHT="22" CONTENT="uitste" SUBS_TYPE="HypPart1" SUBS_CONTENT="uitstekende" WC="0.40" CC="7087790"/>
						<HYP CONTENT="-"/>
					</TextLine>
					<TextLine ID="P224_TL00037" HPOS="73" VPOS="799" WIDTH="216" HEIGHT="21">
						<String ID="P224_ST00259" HPOS="73" VPOS="799" WIDTH="74" HEIGHT="21" CONTENT="kende" SUBS_TYPE="HypPart2" SUBS_CONTENT="uitstekende" WC="0.19" CC="88597"/>
						<SP ID="P224_SP00218" HPOS="147" VPOS="820" WIDTH="18"/>
						<String ID="P224_ST00260" HPOS="165" VPOS="799" WIDTH="124" HEIGHT="21" CONTENT="schilders." WC="0.86" CC="0045000030"/>
					</TextLine>
				</TextBlock>
				<TextBlock ID="P224_TB00006" HPOS="110" VPOS="836" WIDTH="676" HEIGHT="30" STYLEREFS="TXT_2 PAR_LEFT">
					<TextLine ID="P224_TL00038" HPOS="110" VPOS="838" WIDTH="676" HEIGHT="28">
						<String ID="P224_ST00261" HPOS="110" VPOS="838" WIDTH="135" HEIGHT="28" CONTENT="Noorwegen" WC="0.92" CC="040000020"/>
						<SP ID="P224_SP00219" HPOS="245" VPOS="866" WIDTH="18"/>
						<String ID="P224_ST00262" HPOS="263" VPOS="839" WIDTH="62" HEIGHT="23" CONTENT="heeft" WC="0.49" CC="37715"/>
						<SP ID="P224_SP00220" HPOS="325" VPOS="866" WIDTH="17"/>
						<String ID="P224_ST00263" HPOS="342" VPOS="847" WIDTH="55" HEIGHT="16" CONTENT="eene" WC="0.83" CC="1050"/>
						<SP ID="P224_SP00221" HPOS="397" VPOS="866" WIDTH="18"/>
						<String ID="P224_ST00264" HPOS="415" VPOS="839" WIDTH="140" HEIGHT="27" CONTENT="volkspoëzij" WC="0.80" CC="04105003700"/>
						<SP ID="P224_SP00222" HPOS="555" VPOS="866" WIDTH="12"/>
						<String ID="P224_ST00265" HPOS="567" VPOS="855" WIDTH="6" HEIGHT="10" CONTENT="," WC="1.00" CC="0"/>
						<SP ID="P224_SP00223" HPOS="573" VPOS="866" WIDTH="19"/>
						<String ID="P224_ST00266" HPOS="592" VPOS="838" WIDTH="37" HEIGHT="23" CONTENT="die" WC="0.88" CC="030"/>
						<SP ID="P224_SP00224" HPOS="629" VPOS="866" WIDTH="11"/>
						<String ID="P224_ST00267" HPOS="640" VPOS="839" WIDTH="44" HEIGHT="21" CONTENT="wel" WC="0.79" CC="023"/>
						<SP ID="P224_SP00225" HPOS="684" VPOS="866" WIDTH="11"/>
						<String ID="P224_ST00268" HPOS="695" VPOS="838" WIDTH="20" HEIGHT="22" CONTENT="is" WC="0.80" CC="30"/>
						<SP ID="P224_SP00226" HPOS="715" VPOS="866" WIDTH="13"/>
						<String ID="P224_ST00269" HPOS="728" VPOS="845" WIDTH="58" HEIGHT="16" CONTENT="waar" WC="0.64" CC="9004"/>
					</TextLine>
				</TextBlock>
				<TextBlock ID="P224_TB00007" HPOS="563" VPOS="2209" WIDTH="522" HEIGHT="25" STYLEREFS="TXT_2 PAR_CENTER">
					<TextLine ID="P224_TL00039" HPOS="564" VPOS="2212" WIDTH="521" HEIGHT="22">
						<String ID="P224_ST00270" HPOS="564" VPOS="2212" WIDTH="42" HEIGHT="22" CONTENT="DE" WC="1.00" CC="00"/>
						<SP ID="P224_SP00227" HPOS="606" VPOS="2234" WIDTH="18"/>
						<String ID="P224_ST00271" HPOS="624" VPOS="2212" WIDTH="181" HEIGHT="22" CONTENT="WATEBVAL" WC="0.70" CC="00009706"/>
						<SP ID="P224_SP00228" HPOS="805" VPOS="2234" WIDTH="18"/>
						<String ID="P224_ST00272" HPOS="823" VPOS="2212" WIDTH="262" HEIGHT="22" CONTENT="WEHENNE-JOCK." WC="0.83" CC="0070000390020"/>
					</TextLine>
				</TextBlock>
				<TextBlock ID="P224_TB00008" HPOS="64" VPOS="2329" WIDTH="713" HEIGHT="111" STYLEREFS="TXT_2 PAR_LEFT">
					<TextLine ID="P224_TL00040" HPOS="64" VPOS="2329" WIDTH="713" HEIGHT="33">
						<String ID="P224_ST00273" HPOS="64" VPOS="2329" WIDTH="40" HEIGHT="22" CONTENT="der" WC="0.61" CC="046"/>
						<SP ID="P224_SP00229" HPOS="104" VPOS="2351" WIDTH="18"/>
						<String ID="P224_ST00274" HPOS="122" VPOS="2329" WIDTH="73" HEIGHT="23" CONTENT="beken" WC="0.57" CC="77006"/>
						<SP ID="P224_SP00230" HPOS="195" VPOS="2352" WIDTH="11"/>
						<String ID="P224_ST00275" HPOS="206" VPOS="2348" WIDTH="6" HEIGHT="11" CONTENT="," WC="1.00" CC="0"/>
						<SP ID="P224_SP00231" HPOS="212" VPOS="2359" WIDTH="19"/>
						<String ID="P224_ST00276" HPOS="231" VPOS="2331" WIDTH="38" HEIGHT="23" CONTENT="het" WC="0.45" CC="257"/>
						<SP ID="P224_SP00232" HPOS="269" VPOS="2359" WIDTH="12"/>
						<String ID="P224_ST00277" HPOS="281" VPOS="2332" WIDTH="96" HEIGHT="23" CONTENT="bruisen" WC="0.74" CC="0540800"/>
						<SP ID="P224_SP00233" HPOS="377" VPOS="2359" WIDTH="13"/>
						<String ID="P224_ST00278" HPOS="390" VPOS="2333" WIDTH="41" HEIGHT="22" CONTENT="der" WC="0.71" CC="035"/>
						<SP ID="P224_SP00234" HPOS="431" VPOS="2359" WIDTH="10"/>
						<String ID="P224_ST00279" HPOS="441" VPOS="2333" WIDTH="164" HEIGHT="29" CONTENT="watervallen," WC="0.76" CC="007064000270"/>
						<SP ID="P224_SP00235" HPOS="605" VPOS="2362" WIDTH="14"/>
						<String ID="P224_ST00280" HPOS="619" VPOS="2333" WIDTH="29" HEIGHT="23" CONTENT="de" WC="1.00" CC="00"/>
						<SP ID="P224_SP00236" HPOS="648" VPOS="2362" WIDTH="12"/>
						<String ID="P224_ST00281" HPOS="660" VPOS="2340" WIDTH="117" HEIGHT="16" CONTENT="eenzaam" SUBS_TYPE="HypPart1" SUBS_CONTENT="eenzaamheid" WC="0.68" CC="01274360"/>
						<HYP CONTENT="-"/>
					</TextLine>
					<TextLine ID="P224_TL00041" HPOS="64" VPOS="2367" WIDTH="713" HEIGHT="37">
						<String ID="P224_ST00282" HPOS="64" VPOS="2367" WIDTH="54" HEIGHT="25" CONTENT="heid" SUBS_TYPE="HypPart2" SUBS_CONTENT="eenzaamheid" WC="0.50" CC="5409"/>
						<SP ID="P224_SP00237" HPOS="118" VPOS="2392" WIDTH="24"/>
						<String ID="P224_ST00283" HPOS="142" VPOS="2368" WIDTH="38" HEIGHT="23" CONTENT="die" WC="0.51" CC="931"/>
						<SP ID="P224_SP00238" HPOS="180" VPOS="2392" WIDTH="25"/>
						<String ID="P224_ST00284" HPOS="205" VPOS="2370" WIDTH="43" HEIGHT="22" CONTENT="hen" WC="0.72" CC="016"/>
						<SP ID="P224_SP00239" HPOS="248" VPOS="2392" WIDTH="25"/>
						<String ID="P224_ST00285" HPOS="273" VPOS="2371" WIDTH="135" HEIGHT="29" CONTENT="gedurende" WC="0.81" CC="010230090"/>
						<SP ID="P224_SP00240" HPOS="408" VPOS="2400" WIDTH="27"/>
						<String ID="P224_ST00286" HPOS="435" VPOS="2373" WIDTH="44" HEIGHT="22" CONTENT="den" WC="0.72" CC="034"/>
						<SP ID="P224_SP00241" HPOS="479" VPOS="2400" WIDTH="24"/>
						<String ID="P224_ST00287" HPOS="503" VPOS="2379" WIDTH="78" HEIGHT="16" CONTENT="zomer" WC="0.62" CC="61505"/>
						<SP ID="P224_SP00242" HPOS="581" VPOS="2400" WIDTH="18"/>
						<String ID="P224_ST00288" HPOS="599" VPOS="2379" WIDTH="30" HEIGHT="24" CONTENT="op" WC="1.00" CC="00"/>
						<SP ID="P224_SP00243" HPOS="629" VPOS="2403" WIDTH="17"/>
						<String ID="P224_ST00289" HPOS="646" VPOS="2373" WIDTH="28" HEIGHT="23" CONTENT="de" WC="1.00" CC="00"/>
						<SP ID="P224_SP00244" HPOS="674" VPOS="2403" WIDTH="19"/>
						<String ID="P224_ST00290" HPOS="693" VPOS="2374" WIDTH="84" HEIGHT="30" CONTENT="alpen" SUBS_TYPE="HypPart1" SUBS_CONTENT="alpenweiden" WC="0.55" CC="059460"/>
						<HYP CONTENT="-"/>
					</TextLine>
					<TextLine ID="P224_TL00042" HPOS="64" VPOS="2409" WIDTH="713" HEIGHT="31">
						<String ID="P224_ST00291" HPOS="64" VPOS="2409" WIDTH="90" HEIGHT="23" CONTENT="weiden" SUBS_TYPE="HypPart2" SUBS_CONTENT="alpenweiden" WC="0.50" CC="957033"/>
						<SP ID="P224_SP00245" HPOS="154" VPOS="2432" WIDTH="27"/>
						<String ID="P224_ST00292" HPOS="181" VPOS="2409" WIDTH="117" HEIGHT="30" CONTENT="omringt," WC="0.76" CC="05007060"/>
						<SP ID="P224_SP00246" HPOS="298" VPOS="2439" WIDTH="34"/>
						<String ID="P224_ST00293" HPOS="332" VPOS="2412" WIDTH="27" HEIGHT="22" CONTENT="de" WC="0.42" CC="91"/>
						<SP ID="P224_SP00247" HPOS="359" VPOS="2439" WIDTH="27"/>
						<String ID="P224_ST00294" HPOS="386" VPOS="2412" WIDTH="76" HEIGHT="28" CONTENT="hooge" WC="0.81" CC="34100"/>
						<SP ID="P224_SP00248" HPOS="462" VPOS="2440" WIDTH="28"/>
						<String ID="P224_ST00295" HPOS="490" VPOS="2418" WIDTH="92" HEIGHT="18" CONTENT="sneeuw" WC="0.65" CC="730009"/>
						<SP ID="P224_SP00249" HPOS="582" VPOS="2440" WIDTH="34"/>
						<String ID="P224_ST00296" HPOS="616" VPOS="2413" WIDTH="37" HEIGHT="23" CONTENT="die" WC="0.53" CC="940"/>
						<SP ID="P224_SP00250" HPOS="653" VPOS="2440" WIDTH="26"/>
						<String ID="P224_ST00297" HPOS="679" VPOS="2413" WIDTH="25" HEIGHT="24" CONTENT="in" WC="0.66" CC="06"/>
						<SP ID="P224_SP00251" HPOS="704" VPOS="2440" WIDTH="28"/>
						<String ID="P224_ST00298" HPOS="732" VPOS="2414" WIDTH="45" HEIGHT="23" CONTENT="den" WC="0.98" CC="000"/>
					</TextLine>
				</TextBlock>
				<TextBlock ID="P224_TB00009" HPOS="848" VPOS="2333" WIDTH="724" HEIGHT="117" STYLEREFS="TXT_2 PAR_LEFT">
					<TextLine ID="P224_TL00043" HPOS="849" VPOS="2334" WIDTH="723" HEIGHT="33">
						<String ID="P224_ST00299" HPOS="849" VPOS="2334" WIDTH="84" HEIGHT="24" CONTENT="winter" WC="0.64" CC="916300"/>
						<SP ID="P224_SP00252" HPOS="933" VPOS="2358" WIDTH="25"/>
						<String ID="P224_ST00300" HPOS="958" VPOS="2335" WIDTH="38" HEIGHT="23" CONTENT="het" WC="0.55" CC="615"/>
						<SP ID="P224_SP00253" HPOS="996" VPOS="2358" WIDTH="18"/>
						<String ID="P224_ST00301" HPOS="1014" VPOS="2335" WIDTH="131" HEIGHT="32" CONTENT="landschap" WC="0.84" CC="006050030"/>
						<SP ID="P224_SP00254" HPOS="1145" VPOS="2367" WIDTH="20"/>
						<String ID="P224_ST00302" HPOS="1165" VPOS="2338" WIDTH="87" HEIGHT="24" CONTENT="bedekt" WC="0.59" CC="260094"/>
						<SP ID="P224_SP00255" HPOS="1252" VPOS="2367" WIDTH="17"/>
						<String ID="P224_ST00303" HPOS="1269" VPOS="2351" WIDTH="32" HEIGHT="6" CONTENT="—" WC="0.20" CC="8"/>
						<SP ID="P224_SP00256" HPOS="1301" VPOS="2367" WIDTH="18"/>
						<String ID="P224_ST00304" HPOS="1319" VPOS="2340" WIDTH="35" HEIGHT="24" CONTENT="dit" WC="0.40" CC="655"/>
						<SP ID="P224_SP00257" HPOS="1354" VPOS="2367" WIDTH="17"/>
						<String ID="P224_ST00305" HPOS="1371" VPOS="2342" WIDTH="59" HEIGHT="23" CONTENT="alles" WC="0.82" CC="30005"/>
						<SP ID="P224_SP00258" HPOS="1430" VPOS="2367" WIDTH="17"/>
						<String ID="P224_ST00306" HPOS="1447" VPOS="2347" WIDTH="62" HEIGHT="20" CONTENT="moet" WC="0.60" CC="7107"/>
						<SP ID="P224_SP00259" HPOS="1509" VPOS="2367" WIDTH="19"/>
						<String ID="P224_ST00307" HPOS="1528" VPOS="2345" WIDTH="44" HEIGHT="22" CONTENT="hen" WC="0.42" CC="366"/>
					</TextLine>
					<TextLine ID="P224_TL00044" HPOS="849" VPOS="2375" WIDTH="723" HEIGHT="36">
						<String ID="P224_ST00308" HPOS="849" VPOS="2377" WIDTH="34" HEIGHT="20" CONTENT="tot" WC="0.57" CC="507"/>
						<SP ID="P224_SP00260" HPOS="883" VPOS="2397" WIDTH="17"/>
						<String ID="P224_ST00309" HPOS="900" VPOS="2375" WIDTH="98" HEIGHT="23" CONTENT="zekeren" WC="0.84" CC="4000006"/>
						<SP ID="P224_SP00261" HPOS="998" VPOS="2398" WIDTH="19"/>
						<String ID="P224_ST00310" HPOS="1017" VPOS="2379" WIDTH="65" HEIGHT="20" CONTENT="ernst" WC="0.73" CC="51105"/>
						<SP ID="P224_SP00262" HPOS="1082" VPOS="2399" WIDTH="17"/>
						<String ID="P224_ST00311" HPOS="1099" VPOS="2379" WIDTH="114" HEIGHT="22" CONTENT="stemmen" WC="0.56" CC="4805506"/>
						<SP ID="P224_SP00263" HPOS="1213" VPOS="2401" WIDTH="19"/>
						<String ID="P224_ST00312" HPOS="1232" VPOS="2386" WIDTH="28" HEIGHT="16" CONTENT="en" WC="0.98" CC="00"/>
						<SP ID="P224_SP00264" HPOS="1260" VPOS="2402" WIDTH="20"/>
						<String ID="P224_ST00313" HPOS="1280" VPOS="2387" WIDTH="29" HEIGHT="24" CONTENT="op" WC="0.64" CC="07"/>
						<SP ID="P224_SP00265" HPOS="1309" VPOS="2411" WIDTH="11"/>
						<String ID="P224_ST00314" HPOS="1320" VPOS="2380" WIDTH="41" HEIGHT="25" CONTENT="het" WC="0.65" CC="630"/>
						<SP ID="P224_SP00266" HPOS="1361" VPOS="2411" WIDTH="11"/>
						<String ID="P224_ST00315" HPOS="1372" VPOS="2382" WIDTH="106" HEIGHT="24" CONTENT="kenbaar" WC="0.61" CC="0561553"/>
						<SP ID="P224_SP00267" HPOS="1478" VPOS="2411" WIDTH="11"/>
						<String ID="P224_ST00316" HPOS="1489" VPOS="2384" WIDTH="83" HEIGHT="23" CONTENT="maken" WC="0.59" CC="66007"/>
					</TextLine>
					<TextLine ID="P224_TL00045" HPOS="850" VPOS="2415" WIDTH="722" HEIGHT="35">
						<String ID="P224_ST00317" HPOS="850" VPOS="2421" WIDTH="42" HEIGHT="16" CONTENT="van" WC="0.80" CC="014"/>
						<SP ID="P224_SP00268" HPOS="892" VPOS="2437" WIDTH="13"/>
						<String ID="P224_ST00318" HPOS="905" VPOS="2415" WIDTH="81" HEIGHT="24" CONTENT="hunne" WC="0.60" CC="50670"/>
						<SP ID="P224_SP00269" HPOS="986" VPOS="2439" WIDTH="13"/>
						<String ID="P224_ST00319" HPOS="999" VPOS="2417" WIDTH="125" HEIGHT="28" CONTENT="gevoelens" WC="0.45" CC="937650366"/>
						<SP ID="P224_SP00270" HPOS="1124" VPOS="2445" WIDTH="13"/>
						<String ID="P224_ST00320" HPOS="1137" VPOS="2417" WIDTH="95" HEIGHT="26" CONTENT="invloed" WC="0.61" CC="6690040"/>
						<SP ID="P224_SP00271" HPOS="1232" VPOS="2445" WIDTH="17"/>
						<String ID="P224_ST00321" HPOS="1249" VPOS="2421" WIDTH="103" HEIGHT="23" CONTENT="hebben." WC="0.70" CC="5045040"/>
						<SP ID="P224_SP00272" HPOS="1352" VPOS="2445" WIDTH="23"/>
						<String ID="P224_ST00322" HPOS="1375" VPOS="2422" WIDTH="33" HEIGHT="23" CONTENT="De" WC="0.65" CC="15"/>
						<SP ID="P224_SP00273" HPOS="1408" VPOS="2445" WIDTH="13"/>
						<String ID="P224_ST00323" HPOS="1421" VPOS="2424" WIDTH="151" HEIGHT="26" CONTENT="gymnastiek" WC="0.43" CC="9977671007"/>
					</TextLine>
				</TextBlock>
				<TextBlock ID="P224_TB00010" HPOS="771" VPOS="2345" WIDTH="45" HEIGHT="57" STYLEREFS="TXT_1 PAR_LEFT">
					<TextLine ID="P224_TL00046" HPOS="771" VPOS="2345" WIDTH="45" HEIGHT="57">
						<String ID="P224_ST00324" HPOS="771" VPOS="2345" WIDTH="45" HEIGHT="57" CONTENT="-I" WC="0.61" CC="07"/>
					</TextLine>
				</TextBlock>
				<ComposedBlock ID="P224_CB00001" HPOS="450" VPOS="989" WIDTH="753" HEIGHT="1184" STYLEREFS="TXT_3 PAR_LEFT" TYPE="Illustration">
					<GraphicalElement ID="P224_CB00001_SUB" HPOS="450" VPOS="989" WIDTH="753" HEIGHT="1184"/>
				</ComposedBlock>
			</PrintSpace>
		</Page>
	</Layout>
</alto>
